ISO-10303-21;
HEADER;
FILE_DESCRIPTION(('Open CASCADE Model'),'2;1');
FILE_NAME('Open CASCADE Shape Model','2026-10-05T18:09:20',('Author'),(
    'Open CASCADE'),'Open CASCADE STEP processor 8.0','build123d',
  'Unknown');
FILE_SCHEMA(('AUTOMOTIVE_DESIGN { 1 0 10303 214 1 1 1 1 }'));
ENDSEC;
DATA;
#1 = APPLICATION_PROTOCOL_DEFINITION('international standard',
  'automotive_design',2000,#2);
#2 = APPLICATION_CONTEXT(
  'core data for automotive mechanical design processes');
#3 = SHAPE_DEFINITION_REPRESENTATION(#4,#10);
#4 = PRODUCT_DEFINITION_SHAPE('','',#5);
#5 = PRODUCT_DEFINITION('design','',#6,#9);
#6 = PRODUCT_DEFINITION_FORMATION('','',#7);
#7 = PRODUCT('COMPOUND','COMPOUND','',(#8));
#8 = PRODUCT_CONTEXT('',#2,'mechanical');
#9 = PRODUCT_DEFINITION_CONTEXT('part definition',#2,'design');
#10 = ADVANCED_BREP_SHAPE_REPRESENTATION('',(#11,#15),#3759);
#11 = AXIS2_PLACEMENT_3D('',#12,#13,#14);
#12 = CARTESIAN_POINT('',(0.,0.,0.));
#13 = DIRECTION('',(0.,0.,1.));
#14 = DIRECTION('',(1.,0.,-0.));
#15 = MANIFOLD_SOLID_BREP('',#16);
#16 = CLOSED_SHELL('',(#17,#396,#878,#928,#1635,#1684,#1819,#1846,#1873,
    #1920,#1967,#2012,#2057,#2085,#2167,#2217,#2266,#2320,#2369,#2419,
    #2468,#2500,#2527,#2554,#2648,#2675,#2682,#2689,#2738,#2787,#2814,
    #2869,#2924,#2971,#2998,#3025,#3032,#3087,#3156,#3203,#3250,#3275,
    #3325,#3380,#3518,#3531,#3561,#3591,#3621,#3651,#3678,#3705,#3732));
#17 = ADVANCED_FACE('',(#18),#32,.F.);
#18 = FACE_BOUND('',#19,.F.);
#19 = EDGE_LOOP('',(#20,#55,#83,#111,#137,#163,#189,#212,#240,#263,#289,
    #315,#341,#369));
#20 = ORIENTED_EDGE('',*,*,#21,.F.);
#21 = EDGE_CURVE('',#22,#24,#26,.T.);
#22 = VERTEX_POINT('',#23);
#23 = CARTESIAN_POINT('',(-46.,-24.,15.));
#24 = VERTEX_POINT('',#25);
#25 = CARTESIAN_POINT('',(-46.,-11.5612494996,15.));
#26 = SURFACE_CURVE('',#27,(#31,#43),.PCURVE_S1.);
#27 = LINE('',#28,#29);
#28 = CARTESIAN_POINT('',(-46.,-31.,15.));
#29 = VECTOR('',#30,1.);
#30 = DIRECTION('',(-0.,1.,0.));
#31 = PCURVE('',#32,#37);
#32 = PLANE('',#33);
#33 = AXIS2_PLACEMENT_3D('',#34,#35,#36);
#34 = CARTESIAN_POINT('',(-46.,-31.,0.));
#35 = DIRECTION('',(1.,0.,-0.));
#36 = DIRECTION('',(0.,0.,1.));
#37 = DEFINITIONAL_REPRESENTATION('',(#38),#42);
#38 = LINE('',#39,#40);
#39 = CARTESIAN_POINT('',(15.,0.));
#40 = VECTOR('',#41,1.);
#41 = DIRECTION('',(0.,-1.));
#42 = ( GEOMETRIC_REPRESENTATION_CONTEXT(2) 
PARAMETRIC_REPRESENTATION_CONTEXT() REPRESENTATION_CONTEXT('2D SPACE',''
  ) );
#43 = PCURVE('',#44,#49);
#44 = PLANE('',#45);
#45 = AXIS2_PLACEMENT_3D('',#46,#47,#48);
#46 = CARTESIAN_POINT('',(-46.,-31.,15.));
#47 = DIRECTION('',(0.,0.,1.));
#48 = DIRECTION('',(1.,0.,-0.));
#49 = DEFINITIONAL_REPRESENTATION('',(#50),#54);
#50 = LINE('',#51,#52);
#51 = CARTESIAN_POINT('',(0.,0.));
#52 = VECTOR('',#53,1.);
#53 = DIRECTION('',(0.,1.));
#54 = ( GEOMETRIC_REPRESENTATION_CONTEXT(2) 
PARAMETRIC_REPRESENTATION_CONTEXT() REPRESENTATION_CONTEXT('2D SPACE',''
  ) );
#55 = ORIENTED_EDGE('',*,*,#56,.F.);
#56 = EDGE_CURVE('',#57,#22,#59,.T.);
#57 = VERTEX_POINT('',#58);
#58 = CARTESIAN_POINT('',(-46.,-24.,0.));
#59 = SURFACE_CURVE('',#60,(#64,#71),.PCURVE_S1.);
#60 = LINE('',#61,#62);
#61 = CARTESIAN_POINT('',(-46.,-24.,0.));
#62 = VECTOR('',#63,1.);
#63 = DIRECTION('',(0.,0.,1.));
#64 = PCURVE('',#32,#65);
#65 = DEFINITIONAL_REPRESENTATION('',(#66),#70);
#66 = LINE('',#67,#68);
#67 = CARTESIAN_POINT('',(0.,-7.));
#68 = VECTOR('',#69,1.);
#69 = DIRECTION('',(1.,0.));
#70 = ( GEOMETRIC_REPRESENTATION_CONTEXT(2) 
PARAMETRIC_REPRESENTATION_CONTEXT() REPRESENTATION_CONTEXT('2D SPACE',''
  ) );
#71 = PCURVE('',#72,#77);
#72 = CYLINDRICAL_SURFACE('',#73,7.);
#73 = AXIS2_PLACEMENT_3D('',#74,#75,#76);
#74 = CARTESIAN_POINT('',(-39.,-24.,0.));
#75 = DIRECTION('',(0.,0.,1.));
#76 = DIRECTION('',(-1.,-0.,0.));
#77 = DEFINITIONAL_REPRESENTATION('',(#78),#82);
#78 = LINE('',#79,#80);
#79 = CARTESIAN_POINT('',(0.,0.));
#80 = VECTOR('',#81,1.);
#81 = DIRECTION('',(0.,1.));
#82 = ( GEOMETRIC_REPRESENTATION_CONTEXT(2) 
PARAMETRIC_REPRESENTATION_CONTEXT() REPRESENTATION_CONTEXT('2D SPACE',''
  ) );
#83 = ORIENTED_EDGE('',*,*,#84,.T.);
#84 = EDGE_CURVE('',#57,#85,#87,.T.);
#85 = VERTEX_POINT('',#86);
#86 = CARTESIAN_POINT('',(-46.,-20.,0.));
#87 = SURFACE_CURVE('',#88,(#92,#99),.PCURVE_S1.);
#88 = LINE('',#89,#90);
#89 = CARTESIAN_POINT('',(-46.,-31.,0.));
#90 = VECTOR('',#91,1.);
#91 = DIRECTION('',(-0.,1.,0.));
#92 = PCURVE('',#32,#93);
#93 = DEFINITIONAL_REPRESENTATION('',(#94),#98);
#94 = LINE('',#95,#96);
#95 = CARTESIAN_POINT('',(0.,0.));
#96 = VECTOR('',#97,1.);
#97 = DIRECTION('',(0.,-1.));
#98 = ( GEOMETRIC_REPRESENTATION_CONTEXT(2) 
PARAMETRIC_REPRESENTATION_CONTEXT() REPRESENTATION_CONTEXT('2D SPACE',''
  ) );
#99 = PCURVE('',#100,#105);
#100 = PLANE('',#101);
#101 = AXIS2_PLACEMENT_3D('',#102,#103,#104);
#102 = CARTESIAN_POINT('',(-46.,-31.,0.));
#103 = DIRECTION('',(0.,0.,1.));
#104 = DIRECTION('',(1.,0.,-0.));
#105 = DEFINITIONAL_REPRESENTATION('',(#106),#110);
#106 = LINE('',#107,#108);
#107 = CARTESIAN_POINT('',(0.,0.));
#108 = VECTOR('',#109,1.);
#109 = DIRECTION('',(0.,1.));
#110 = ( GEOMETRIC_REPRESENTATION_CONTEXT(2) 
PARAMETRIC_REPRESENTATION_CONTEXT() REPRESENTATION_CONTEXT('2D SPACE',''
  ) );
#111 = ORIENTED_EDGE('',*,*,#112,.T.);
#112 = EDGE_CURVE('',#85,#113,#115,.T.);
#113 = VERTEX_POINT('',#114);
#114 = CARTESIAN_POINT('',(-46.,-20.,5.));
#115 = SURFACE_CURVE('',#116,(#120,#126),.PCURVE_S1.);
#116 = LINE('',#117,#118);
#117 = CARTESIAN_POINT('',(-46.,-20.,0.));
#118 = VECTOR('',#119,1.);
#119 = DIRECTION('',(0.,0.,1.));
#120 = PCURVE('',#32,#121);
#121 = DEFINITIONAL_REPRESENTATION('',(#122),#125);
#122 = B_SPLINE_CURVE_WITH_KNOTS('',1,(#123,#124),.UNSPECIFIED.,.F.,.F.,
  (2,2),(0.,5.),.PIECEWISE_BEZIER_KNOTS.);
#123 = CARTESIAN_POINT('',(0.,-11.));
#124 = CARTESIAN_POINT('',(5.,-11.));
#125 = ( GEOMETRIC_REPRESENTATION_CONTEXT(2) 
PARAMETRIC_REPRESENTATION_CONTEXT() REPRESENTATION_CONTEXT('2D SPACE',''
  ) );
#126 = PCURVE('',#127,#132);
#127 = PLANE('',#128);
#128 = AXIS2_PLACEMENT_3D('',#129,#130,#131);
#129 = CARTESIAN_POINT('',(-56.,-20.,0.));
#130 = DIRECTION('',(-0.,1.,0.));
#131 = DIRECTION('',(0.,0.,1.));
#132 = DEFINITIONAL_REPRESENTATION('',(#133),#136);
#133 = B_SPLINE_CURVE_WITH_KNOTS('',1,(#134,#135),.UNSPECIFIED.,.F.,.F.,
  (2,2),(0.,5.),.PIECEWISE_BEZIER_KNOTS.);
#134 = CARTESIAN_POINT('',(0.,10.));
#135 = CARTESIAN_POINT('',(5.,10.));
#136 = ( GEOMETRIC_REPRESENTATION_CONTEXT(2) 
PARAMETRIC_REPRESENTATION_CONTEXT() REPRESENTATION_CONTEXT('2D SPACE',''
  ) );
#137 = ORIENTED_EDGE('',*,*,#138,.F.);
#138 = EDGE_CURVE('',#139,#113,#141,.T.);
#139 = VERTEX_POINT('',#140);
#140 = CARTESIAN_POINT('',(-46.,20.,5.));
#141 = SURFACE_CURVE('',#142,(#146,#152),.PCURVE_S1.);
#142 = LINE('',#143,#144);
#143 = CARTESIAN_POINT('',(-46.,-25.5,5.));
#144 = VECTOR('',#145,1.);
#145 = DIRECTION('',(0.,-1.,0.));
#146 = PCURVE('',#32,#147);
#147 = DEFINITIONAL_REPRESENTATION('',(#148),#151);
#148 = B_SPLINE_CURVE_WITH_KNOTS('',1,(#149,#150),.UNSPECIFIED.,.F.,.F.,
  (2,2),(-45.5,-5.5),.PIECEWISE_BEZIER_KNOTS.);
#149 = CARTESIAN_POINT('',(5.,-51.));
#150 = CARTESIAN_POINT('',(5.,-11.));
#151 = ( GEOMETRIC_REPRESENTATION_CONTEXT(2) 
PARAMETRIC_REPRESENTATION_CONTEXT() REPRESENTATION_CONTEXT('2D SPACE',''
  ) );
#152 = PCURVE('',#153,#158);
#153 = PLANE('',#154);
#154 = AXIS2_PLACEMENT_3D('',#155,#156,#157);
#155 = CARTESIAN_POINT('',(-56.,-20.,5.));
#156 = DIRECTION('',(0.,0.,1.));
#157 = DIRECTION('',(1.,0.,-0.));
#158 = DEFINITIONAL_REPRESENTATION('',(#159),#162);
#159 = B_SPLINE_CURVE_WITH_KNOTS('',1,(#160,#161),.UNSPECIFIED.,.F.,.F.,
  (2,2),(-45.5,-5.5),.PIECEWISE_BEZIER_KNOTS.);
#160 = CARTESIAN_POINT('',(10.,40.));
#161 = CARTESIAN_POINT('',(10.,0.));
#162 = ( GEOMETRIC_REPRESENTATION_CONTEXT(2) 
PARAMETRIC_REPRESENTATION_CONTEXT() REPRESENTATION_CONTEXT('2D SPACE',''
  ) );
#163 = ORIENTED_EDGE('',*,*,#164,.F.);
#164 = EDGE_CURVE('',#165,#139,#167,.T.);
#165 = VERTEX_POINT('',#166);
#166 = CARTESIAN_POINT('',(-46.,20.,0.));
#167 = SURFACE_CURVE('',#168,(#172,#178),.PCURVE_S1.);
#168 = LINE('',#169,#170);
#169 = CARTESIAN_POINT('',(-46.,20.,0.));
#170 = VECTOR('',#171,1.);
#171 = DIRECTION('',(0.,0.,1.));
#172 = PCURVE('',#32,#173);
#173 = DEFINITIONAL_REPRESENTATION('',(#174),#177);
#174 = B_SPLINE_CURVE_WITH_KNOTS('',1,(#175,#176),.UNSPECIFIED.,.F.,.F.,
  (2,2),(0.,5.),.PIECEWISE_BEZIER_KNOTS.);
#175 = CARTESIAN_POINT('',(0.,-51.));
#176 = CARTESIAN_POINT('',(5.,-51.));
#177 = ( GEOMETRIC_REPRESENTATION_CONTEXT(2) 
PARAMETRIC_REPRESENTATION_CONTEXT() REPRESENTATION_CONTEXT('2D SPACE',''
  ) );
#178 = PCURVE('',#179,#184);
#179 = PLANE('',#180);
#180 = AXIS2_PLACEMENT_3D('',#181,#182,#183);
#181 = CARTESIAN_POINT('',(-56.,20.,0.));
#182 = DIRECTION('',(-0.,1.,0.));
#183 = DIRECTION('',(0.,0.,1.));
#184 = DEFINITIONAL_REPRESENTATION('',(#185),#188);
#185 = B_SPLINE_CURVE_WITH_KNOTS('',1,(#186,#187),.UNSPECIFIED.,.F.,.F.,
  (2,2),(0.,5.),.PIECEWISE_BEZIER_KNOTS.);
#186 = CARTESIAN_POINT('',(0.,10.));
#187 = CARTESIAN_POINT('',(5.,10.));
#188 = ( GEOMETRIC_REPRESENTATION_CONTEXT(2) 
PARAMETRIC_REPRESENTATION_CONTEXT() REPRESENTATION_CONTEXT('2D SPACE',''
  ) );
#189 = ORIENTED_EDGE('',*,*,#190,.T.);
#190 = EDGE_CURVE('',#165,#191,#193,.T.);
#191 = VERTEX_POINT('',#192);
#192 = CARTESIAN_POINT('',(-46.,24.,0.));
#193 = SURFACE_CURVE('',#194,(#198,#205),.PCURVE_S1.);
#194 = LINE('',#195,#196);
#195 = CARTESIAN_POINT('',(-46.,-31.,0.));
#196 = VECTOR('',#197,1.);
#197 = DIRECTION('',(-0.,1.,0.));
#198 = PCURVE('',#32,#199);
#199 = DEFINITIONAL_REPRESENTATION('',(#200),#204);
#200 = LINE('',#201,#202);
#201 = CARTESIAN_POINT('',(0.,0.));
#202 = VECTOR('',#203,1.);
#203 = DIRECTION('',(0.,-1.));
#204 = ( GEOMETRIC_REPRESENTATION_CONTEXT(2) 
PARAMETRIC_REPRESENTATION_CONTEXT() REPRESENTATION_CONTEXT('2D SPACE',''
  ) );
#205 = PCURVE('',#100,#206);
#206 = DEFINITIONAL_REPRESENTATION('',(#207),#211);
#207 = LINE('',#208,#209);
#208 = CARTESIAN_POINT('',(0.,0.));
#209 = VECTOR('',#210,1.);
#210 = DIRECTION('',(0.,1.));
#211 = ( GEOMETRIC_REPRESENTATION_CONTEXT(2) 
PARAMETRIC_REPRESENTATION_CONTEXT() REPRESENTATION_CONTEXT('2D SPACE',''
  ) );
#212 = ORIENTED_EDGE('',*,*,#213,.T.);
#213 = EDGE_CURVE('',#191,#214,#216,.T.);
#214 = VERTEX_POINT('',#215);
#215 = CARTESIAN_POINT('',(-46.,24.,15.));
#216 = SURFACE_CURVE('',#217,(#221,#228),.PCURVE_S1.);
#217 = LINE('',#218,#219);
#218 = CARTESIAN_POINT('',(-46.,24.,0.));
#219 = VECTOR('',#220,1.);
#220 = DIRECTION('',(0.,0.,1.));
#221 = PCURVE('',#32,#222);
#222 = DEFINITIONAL_REPRESENTATION('',(#223),#227);
#223 = LINE('',#224,#225);
#224 = CARTESIAN_POINT('',(0.,-55.));
#225 = VECTOR('',#226,1.);
#226 = DIRECTION('',(1.,0.));
#227 = ( GEOMETRIC_REPRESENTATION_CONTEXT(2) 
PARAMETRIC_REPRESENTATION_CONTEXT() REPRESENTATION_CONTEXT('2D SPACE',''
  ) );
#228 = PCURVE('',#229,#234);
#229 = CYLINDRICAL_SURFACE('',#230,7.);
#230 = AXIS2_PLACEMENT_3D('',#231,#232,#233);
#231 = CARTESIAN_POINT('',(-39.,24.,0.));
#232 = DIRECTION('',(0.,0.,1.));
#233 = DIRECTION('',(-1.,-0.,0.));
#234 = DEFINITIONAL_REPRESENTATION('',(#235),#239);
#235 = LINE('',#236,#237);
#236 = CARTESIAN_POINT('',(-0.,0.));
#237 = VECTOR('',#238,1.);
#238 = DIRECTION('',(-0.,1.));
#239 = ( GEOMETRIC_REPRESENTATION_CONTEXT(2) 
PARAMETRIC_REPRESENTATION_CONTEXT() REPRESENTATION_CONTEXT('2D SPACE',''
  ) );
#240 = ORIENTED_EDGE('',*,*,#241,.F.);
#241 = EDGE_CURVE('',#242,#214,#244,.T.);
#242 = VERTEX_POINT('',#243);
#243 = CARTESIAN_POINT('',(-46.,13.,15.));
#244 = SURFACE_CURVE('',#245,(#249,#256),.PCURVE_S1.);
#245 = LINE('',#246,#247);
#246 = CARTESIAN_POINT('',(-46.,-31.,15.));
#247 = VECTOR('',#248,1.);
#248 = DIRECTION('',(-0.,1.,0.));
#249 = PCURVE('',#32,#250);
#250 = DEFINITIONAL_REPRESENTATION('',(#251),#255);
#251 = LINE('',#252,#253);
#252 = CARTESIAN_POINT('',(15.,0.));
#253 = VECTOR('',#254,1.);
#254 = DIRECTION('',(0.,-1.));
#255 = ( GEOMETRIC_REPRESENTATION_CONTEXT(2) 
PARAMETRIC_REPRESENTATION_CONTEXT() REPRESENTATION_CONTEXT('2D SPACE',''
  ) );
#256 = PCURVE('',#44,#257);
#257 = DEFINITIONAL_REPRESENTATION('',(#258),#262);
#258 = LINE('',#259,#260);
#259 = CARTESIAN_POINT('',(0.,0.));
#260 = VECTOR('',#261,1.);
#261 = DIRECTION('',(0.,1.));
#262 = ( GEOMETRIC_REPRESENTATION_CONTEXT(2) 
PARAMETRIC_REPRESENTATION_CONTEXT() REPRESENTATION_CONTEXT('2D SPACE',''
  ) );
#263 = ORIENTED_EDGE('',*,*,#264,.F.);
#264 = EDGE_CURVE('',#265,#242,#267,.T.);
#265 = VERTEX_POINT('',#266);
#266 = CARTESIAN_POINT('',(-46.,13.,11.3));
#267 = SURFACE_CURVE('',#268,(#272,#278),.PCURVE_S1.);
#268 = LINE('',#269,#270);
#269 = CARTESIAN_POINT('',(-46.,13.,5.65));
#270 = VECTOR('',#271,1.);
#271 = DIRECTION('',(0.,0.,1.));
#272 = PCURVE('',#32,#273);
#273 = DEFINITIONAL_REPRESENTATION('',(#274),#277);
#274 = B_SPLINE_CURVE_WITH_KNOTS('',1,(#275,#276),.UNSPECIFIED.,.F.,.F.,
  (2,2),(5.65,9.35),.PIECEWISE_BEZIER_KNOTS.);
#275 = CARTESIAN_POINT('',(11.3,-44.));
#276 = CARTESIAN_POINT('',(15.,-44.));
#277 = ( GEOMETRIC_REPRESENTATION_CONTEXT(2) 
PARAMETRIC_REPRESENTATION_CONTEXT() REPRESENTATION_CONTEXT('2D SPACE',''
  ) );
#278 = PCURVE('',#279,#284);
#279 = PLANE('',#280);
#280 = AXIS2_PLACEMENT_3D('',#281,#282,#283);
#281 = CARTESIAN_POINT('',(-51.25,13.,11.3));
#282 = DIRECTION('',(-0.,1.,0.));
#283 = DIRECTION('',(0.,0.,1.));
#284 = DEFINITIONAL_REPRESENTATION('',(#285),#288);
#285 = B_SPLINE_CURVE_WITH_KNOTS('',1,(#286,#287),.UNSPECIFIED.,.F.,.F.,
  (2,2),(5.65,9.35),.PIECEWISE_BEZIER_KNOTS.);
#286 = CARTESIAN_POINT('',(0.,5.25));
#287 = CARTESIAN_POINT('',(3.7,5.25));
#288 = ( GEOMETRIC_REPRESENTATION_CONTEXT(2) 
PARAMETRIC_REPRESENTATION_CONTEXT() REPRESENTATION_CONTEXT('2D SPACE',''
  ) );
#289 = ORIENTED_EDGE('',*,*,#290,.T.);
#290 = EDGE_CURVE('',#265,#291,#293,.T.);
#291 = VERTEX_POINT('',#292);
#292 = CARTESIAN_POINT('',(-46.,3.,11.3));
#293 = SURFACE_CURVE('',#294,(#298,#304),.PCURVE_S1.);
#294 = LINE('',#295,#296);
#295 = CARTESIAN_POINT('',(-46.,-14.,11.3));
#296 = VECTOR('',#297,1.);
#297 = DIRECTION('',(0.,-1.,0.));
#298 = PCURVE('',#32,#299);
#299 = DEFINITIONAL_REPRESENTATION('',(#300),#303);
#300 = B_SPLINE_CURVE_WITH_KNOTS('',1,(#301,#302),.UNSPECIFIED.,.F.,.F.,
  (2,2),(-27.,-17.),.PIECEWISE_BEZIER_KNOTS.);
#301 = CARTESIAN_POINT('',(11.3,-44.));
#302 = CARTESIAN_POINT('',(11.3,-34.));
#303 = ( GEOMETRIC_REPRESENTATION_CONTEXT(2) 
PARAMETRIC_REPRESENTATION_CONTEXT() REPRESENTATION_CONTEXT('2D SPACE',''
  ) );
#304 = PCURVE('',#305,#310);
#305 = PLANE('',#306);
#306 = AXIS2_PLACEMENT_3D('',#307,#308,#309);
#307 = CARTESIAN_POINT('',(-51.25,3.,11.3));
#308 = DIRECTION('',(0.,0.,1.));
#309 = DIRECTION('',(1.,0.,-0.));
#310 = DEFINITIONAL_REPRESENTATION('',(#311),#314);
#311 = B_SPLINE_CURVE_WITH_KNOTS('',1,(#312,#313),.UNSPECIFIED.,.F.,.F.,
  (2,2),(-27.,-17.),.PIECEWISE_BEZIER_KNOTS.);
#312 = CARTESIAN_POINT('',(5.25,10.));
#313 = CARTESIAN_POINT('',(5.25,0.));
#314 = ( GEOMETRIC_REPRESENTATION_CONTEXT(2) 
PARAMETRIC_REPRESENTATION_CONTEXT() REPRESENTATION_CONTEXT('2D SPACE',''
  ) );
#315 = ORIENTED_EDGE('',*,*,#316,.T.);
#316 = EDGE_CURVE('',#291,#317,#319,.T.);
#317 = VERTEX_POINT('',#318);
#318 = CARTESIAN_POINT('',(-46.,3.,15.));
#319 = SURFACE_CURVE('',#320,(#324,#330),.PCURVE_S1.);
#320 = LINE('',#321,#322);
#321 = CARTESIAN_POINT('',(-46.,3.,5.65));
#322 = VECTOR('',#323,1.);
#323 = DIRECTION('',(0.,0.,1.));
#324 = PCURVE('',#32,#325);
#325 = DEFINITIONAL_REPRESENTATION('',(#326),#329);
#326 = B_SPLINE_CURVE_WITH_KNOTS('',1,(#327,#328),.UNSPECIFIED.,.F.,.F.,
  (2,2),(5.65,9.35),.PIECEWISE_BEZIER_KNOTS.);
#327 = CARTESIAN_POINT('',(11.3,-34.));
#328 = CARTESIAN_POINT('',(15.,-34.));
#329 = ( GEOMETRIC_REPRESENTATION_CONTEXT(2) 
PARAMETRIC_REPRESENTATION_CONTEXT() REPRESENTATION_CONTEXT('2D SPACE',''
  ) );
#330 = PCURVE('',#331,#336);
#331 = PLANE('',#332);
#332 = AXIS2_PLACEMENT_3D('',#333,#334,#335);
#333 = CARTESIAN_POINT('',(-51.25,3.,11.3));
#334 = DIRECTION('',(-0.,1.,0.));
#335 = DIRECTION('',(0.,0.,1.));
#336 = DEFINITIONAL_REPRESENTATION('',(#337),#340);
#337 = B_SPLINE_CURVE_WITH_KNOTS('',1,(#338,#339),.UNSPECIFIED.,.F.,.F.,
  (2,2),(5.65,9.35),.PIECEWISE_BEZIER_KNOTS.);
#338 = CARTESIAN_POINT('',(0.,5.25));
#339 = CARTESIAN_POINT('',(3.7,5.25));
#340 = ( GEOMETRIC_REPRESENTATION_CONTEXT(2) 
PARAMETRIC_REPRESENTATION_CONTEXT() REPRESENTATION_CONTEXT('2D SPACE',''
  ) );
#341 = ORIENTED_EDGE('',*,*,#342,.F.);
#342 = EDGE_CURVE('',#343,#317,#345,.T.);
#343 = VERTEX_POINT('',#344);
#344 = CARTESIAN_POINT('',(-46.,-8.4387505004,15.));
#345 = SURFACE_CURVE('',#346,(#350,#357),.PCURVE_S1.);
#346 = LINE('',#347,#348);
#347 = CARTESIAN_POINT('',(-46.,-31.,15.));
#348 = VECTOR('',#349,1.);
#349 = DIRECTION('',(-0.,1.,0.));
#350 = PCURVE('',#32,#351);
#351 = DEFINITIONAL_REPRESENTATION('',(#352),#356);
#352 = LINE('',#353,#354);
#353 = CARTESIAN_POINT('',(15.,0.));
#354 = VECTOR('',#355,1.);
#355 = DIRECTION('',(0.,-1.));
#356 = ( GEOMETRIC_REPRESENTATION_CONTEXT(2) 
PARAMETRIC_REPRESENTATION_CONTEXT() REPRESENTATION_CONTEXT('2D SPACE',''
  ) );
#357 = PCURVE('',#358,#363);
#358 = PLANE('',#359);
#359 = AXIS2_PLACEMENT_3D('',#360,#361,#362);
#360 = CARTESIAN_POINT('',(-46.,-31.,15.));
#361 = DIRECTION('',(0.,0.,1.));
#362 = DIRECTION('',(1.,0.,-0.));
#363 = DEFINITIONAL_REPRESENTATION('',(#364),#368);
#364 = LINE('',#365,#366);
#365 = CARTESIAN_POINT('',(0.,0.));
#366 = VECTOR('',#367,1.);
#367 = DIRECTION('',(0.,1.));
#368 = ( GEOMETRIC_REPRESENTATION_CONTEXT(2) 
PARAMETRIC_REPRESENTATION_CONTEXT() REPRESENTATION_CONTEXT('2D SPACE',''
  ) );
#369 = ORIENTED_EDGE('',*,*,#370,.F.);
#370 = EDGE_CURVE('',#24,#343,#371,.T.);
#371 = SURFACE_CURVE('',#372,(#377,#384),.PCURVE_S1.);
#372 = CIRCLE('',#373,2.);
#373 = AXIS2_PLACEMENT_3D('',#374,#375,#376);
#374 = CARTESIAN_POINT('',(-46.,-10.,13.75));
#375 = DIRECTION('',(1.,0.,0.));
#376 = DIRECTION('',(0.,-0.7806247498,0.625));
#377 = PCURVE('',#32,#378);
#378 = DEFINITIONAL_REPRESENTATION('',(#379),#383);
#379 = CIRCLE('',#380,2.);
#380 = AXIS2_PLACEMENT_2D('',#381,#382);
#381 = CARTESIAN_POINT('',(13.75,-21.));
#382 = DIRECTION('',(0.625,0.7806247498));
#383 = ( GEOMETRIC_REPRESENTATION_CONTEXT(2) 
PARAMETRIC_REPRESENTATION_CONTEXT() REPRESENTATION_CONTEXT('2D SPACE',''
  ) );
#384 = PCURVE('',#385,#390);
#385 = CYLINDRICAL_SURFACE('',#386,2.);
#386 = AXIS2_PLACEMENT_3D('',#387,#388,#389);
#387 = CARTESIAN_POINT('',(-51.25,-10.,13.75));
#388 = DIRECTION('',(1.,0.,2.22044604925E-16));
#389 = DIRECTION('',(2.22044604925E-16,0.,-1.));
#390 = DEFINITIONAL_REPRESENTATION('',(#391),#395);
#391 = LINE('',#392,#393);
#392 = CARTESIAN_POINT('',(4.037257447448,5.25));
#393 = VECTOR('',#394,1.);
#394 = DIRECTION('',(1.,0.));
#395 = ( GEOMETRIC_REPRESENTATION_CONTEXT(2) 
PARAMETRIC_REPRESENTATION_CONTEXT() REPRESENTATION_CONTEXT('2D SPACE',''
  ) );
#396 = ADVANCED_FACE('',(#397),#44,.T.);
#397 = FACE_BOUND('',#398,.T.);
#398 = EDGE_LOOP('',(#399,#400,#424,#452,#485,#513,#542,#570,#596,#597,
    #618,#644,#673,#699,#728,#754,#783,#809,#838,#859));
#399 = ORIENTED_EDGE('',*,*,#21,.F.);
#400 = ORIENTED_EDGE('',*,*,#401,.T.);
#401 = EDGE_CURVE('',#22,#402,#404,.T.);
#402 = VERTEX_POINT('',#403);
#403 = CARTESIAN_POINT('',(-39.,-31.,15.));
#404 = SURFACE_CURVE('',#405,(#410,#417),.PCURVE_S1.);
#405 = CIRCLE('',#406,7.);
#406 = AXIS2_PLACEMENT_3D('',#407,#408,#409);
#407 = CARTESIAN_POINT('',(-39.,-24.,15.));
#408 = DIRECTION('',(0.,0.,1.));
#409 = DIRECTION('',(0.,-1.,0.));
#410 = PCURVE('',#44,#411);
#411 = DEFINITIONAL_REPRESENTATION('',(#412),#416);
#412 = CIRCLE('',#413,7.);
#413 = AXIS2_PLACEMENT_2D('',#414,#415);
#414 = CARTESIAN_POINT('',(7.,7.));
#415 = DIRECTION('',(0.,-1.));
#416 = ( GEOMETRIC_REPRESENTATION_CONTEXT(2) 
PARAMETRIC_REPRESENTATION_CONTEXT() REPRESENTATION_CONTEXT('2D SPACE',''
  ) );
#417 = PCURVE('',#72,#418);
#418 = DEFINITIONAL_REPRESENTATION('',(#419),#423);
#419 = LINE('',#420,#421);
#420 = CARTESIAN_POINT('',(-4.712388980385,15.));
#421 = VECTOR('',#422,1.);
#422 = DIRECTION('',(1.,0.));
#423 = ( GEOMETRIC_REPRESENTATION_CONTEXT(2) 
PARAMETRIC_REPRESENTATION_CONTEXT() REPRESENTATION_CONTEXT('2D SPACE',''
  ) );
#424 = ORIENTED_EDGE('',*,*,#425,.T.);
#425 = EDGE_CURVE('',#402,#426,#428,.T.);
#426 = VERTEX_POINT('',#427);
#427 = CARTESIAN_POINT('',(39.,-31.,15.));
#428 = SURFACE_CURVE('',#429,(#433,#440),.PCURVE_S1.);
#429 = LINE('',#430,#431);
#430 = CARTESIAN_POINT('',(-46.,-31.,15.));
#431 = VECTOR('',#432,1.);
#432 = DIRECTION('',(1.,0.,-0.));
#433 = PCURVE('',#44,#434);
#434 = DEFINITIONAL_REPRESENTATION('',(#435),#439);
#435 = LINE('',#436,#437);
#436 = CARTESIAN_POINT('',(0.,0.));
#437 = VECTOR('',#438,1.);
#438 = DIRECTION('',(1.,0.));
#439 = ( GEOMETRIC_REPRESENTATION_CONTEXT(2) 
PARAMETRIC_REPRESENTATION_CONTEXT() REPRESENTATION_CONTEXT('2D SPACE',''
  ) );
#440 = PCURVE('',#441,#446);
#441 = PLANE('',#442);
#442 = AXIS2_PLACEMENT_3D('',#443,#444,#445);
#443 = CARTESIAN_POINT('',(-46.,-31.,0.));
#444 = DIRECTION('',(-0.,1.,0.));
#445 = DIRECTION('',(0.,0.,1.));
#446 = DEFINITIONAL_REPRESENTATION('',(#447),#451);
#447 = LINE('',#448,#449);
#448 = CARTESIAN_POINT('',(15.,0.));
#449 = VECTOR('',#450,1.);
#450 = DIRECTION('',(0.,1.));
#451 = ( GEOMETRIC_REPRESENTATION_CONTEXT(2) 
PARAMETRIC_REPRESENTATION_CONTEXT() REPRESENTATION_CONTEXT('2D SPACE',''
  ) );
#452 = ORIENTED_EDGE('',*,*,#453,.F.);
#453 = EDGE_CURVE('',#454,#426,#456,.T.);
#454 = VERTEX_POINT('',#455);
#455 = CARTESIAN_POINT('',(46.,-24.,15.));
#456 = SURFACE_CURVE('',#457,(#462,#473),.PCURVE_S1.);
#457 = CIRCLE('',#458,7.);
#458 = AXIS2_PLACEMENT_3D('',#459,#460,#461);
#459 = CARTESIAN_POINT('',(39.,-24.,15.));
#460 = DIRECTION('',(-0.,-0.,-1.));
#461 = DIRECTION('',(0.,-1.,0.));
#462 = PCURVE('',#44,#463);
#463 = DEFINITIONAL_REPRESENTATION('',(#464),#472);
#464 = ( BOUNDED_CURVE() B_SPLINE_CURVE(2,(#465,#466,#467,#468,#469,#470
,#471),.UNSPECIFIED.,.T.,.F.) B_SPLINE_CURVE_WITH_KNOTS((1,2,2,2,2,1),(
    -2.094395102393,0.,2.094395102393,4.188790204786,6.28318530718,
8.377580409573),.UNSPECIFIED.) CURVE() GEOMETRIC_REPRESENTATION_ITEM() 
RATIONAL_B_SPLINE_CURVE((1.,0.5,1.,0.5,1.,0.5,1.)) REPRESENTATION_ITEM(
  '') );
#465 = CARTESIAN_POINT('',(85.,0.));
#466 = CARTESIAN_POINT('',(72.875644347018,0.));
#467 = CARTESIAN_POINT('',(78.937822173509,10.5));
#468 = CARTESIAN_POINT('',(85.,21.));
#469 = CARTESIAN_POINT('',(91.062177826491,10.5));
#470 = CARTESIAN_POINT('',(97.124355652982,1.06581410364E-14));
#471 = CARTESIAN_POINT('',(85.,0.));
#472 = ( GEOMETRIC_REPRESENTATION_CONTEXT(2) 
PARAMETRIC_REPRESENTATION_CONTEXT() REPRESENTATION_CONTEXT('2D SPACE',''
  ) );
#473 = PCURVE('',#474,#479);
#474 = CYLINDRICAL_SURFACE('',#475,7.);
#475 = AXIS2_PLACEMENT_3D('',#476,#477,#478);
#476 = CARTESIAN_POINT('',(39.,-24.,0.));
#477 = DIRECTION('',(0.,0.,1.));
#478 = DIRECTION('',(1.,0.,-0.));
#479 = DEFINITIONAL_REPRESENTATION('',(#480),#484);
#480 = LINE('',#481,#482);
#481 = CARTESIAN_POINT('',(4.712388980385,15.));
#482 = VECTOR('',#483,1.);
#483 = DIRECTION('',(-1.,0.));
#484 = ( GEOMETRIC_REPRESENTATION_CONTEXT(2) 
PARAMETRIC_REPRESENTATION_CONTEXT() REPRESENTATION_CONTEXT('2D SPACE',''
  ) );
#485 = ORIENTED_EDGE('',*,*,#486,.T.);
#486 = EDGE_CURVE('',#454,#487,#489,.T.);
#487 = VERTEX_POINT('',#488);
#488 = CARTESIAN_POINT('',(46.,24.,15.));
#489 = SURFACE_CURVE('',#490,(#494,#501),.PCURVE_S1.);
#490 = LINE('',#491,#492);
#491 = CARTESIAN_POINT('',(46.,-31.,15.));
#492 = VECTOR('',#493,1.);
#493 = DIRECTION('',(-0.,1.,0.));
#494 = PCURVE('',#44,#495);
#495 = DEFINITIONAL_REPRESENTATION('',(#496),#500);
#496 = LINE('',#497,#498);
#497 = CARTESIAN_POINT('',(92.,0.));
#498 = VECTOR('',#499,1.);
#499 = DIRECTION('',(0.,1.));
#500 = ( GEOMETRIC_REPRESENTATION_CONTEXT(2) 
PARAMETRIC_REPRESENTATION_CONTEXT() REPRESENTATION_CONTEXT('2D SPACE',''
  ) );
#501 = PCURVE('',#502,#507);
#502 = PLANE('',#503);
#503 = AXIS2_PLACEMENT_3D('',#504,#505,#506);
#504 = CARTESIAN_POINT('',(46.,-31.,0.));
#505 = DIRECTION('',(1.,0.,-0.));
#506 = DIRECTION('',(0.,0.,1.));
#507 = DEFINITIONAL_REPRESENTATION('',(#508),#512);
#508 = LINE('',#509,#510);
#509 = CARTESIAN_POINT('',(15.,0.));
#510 = VECTOR('',#511,1.);
#511 = DIRECTION('',(0.,-1.));
#512 = ( GEOMETRIC_REPRESENTATION_CONTEXT(2) 
PARAMETRIC_REPRESENTATION_CONTEXT() REPRESENTATION_CONTEXT('2D SPACE',''
  ) );
#513 = ORIENTED_EDGE('',*,*,#514,.T.);
#514 = EDGE_CURVE('',#487,#515,#517,.T.);
#515 = VERTEX_POINT('',#516);
#516 = CARTESIAN_POINT('',(39.,31.,15.));
#517 = SURFACE_CURVE('',#518,(#523,#530),.PCURVE_S1.);
#518 = CIRCLE('',#519,7.);
#519 = AXIS2_PLACEMENT_3D('',#520,#521,#522);
#520 = CARTESIAN_POINT('',(39.,24.,15.));
#521 = DIRECTION('',(0.,0.,1.));
#522 = DIRECTION('',(0.,-1.,0.));
#523 = PCURVE('',#44,#524);
#524 = DEFINITIONAL_REPRESENTATION('',(#525),#529);
#525 = CIRCLE('',#526,7.);
#526 = AXIS2_PLACEMENT_2D('',#527,#528);
#527 = CARTESIAN_POINT('',(85.,55.));
#528 = DIRECTION('',(0.,-1.));
#529 = ( GEOMETRIC_REPRESENTATION_CONTEXT(2) 
PARAMETRIC_REPRESENTATION_CONTEXT() REPRESENTATION_CONTEXT('2D SPACE',''
  ) );
#530 = PCURVE('',#531,#536);
#531 = CYLINDRICAL_SURFACE('',#532,7.);
#532 = AXIS2_PLACEMENT_3D('',#533,#534,#535);
#533 = CARTESIAN_POINT('',(39.,24.,0.));
#534 = DIRECTION('',(0.,0.,1.));
#535 = DIRECTION('',(1.,0.,-0.));
#536 = DEFINITIONAL_REPRESENTATION('',(#537),#541);
#537 = LINE('',#538,#539);
#538 = CARTESIAN_POINT('',(-1.570796326795,15.));
#539 = VECTOR('',#540,1.);
#540 = DIRECTION('',(1.,0.));
#541 = ( GEOMETRIC_REPRESENTATION_CONTEXT(2) 
PARAMETRIC_REPRESENTATION_CONTEXT() REPRESENTATION_CONTEXT('2D SPACE',''
  ) );
#542 = ORIENTED_EDGE('',*,*,#543,.F.);
#543 = EDGE_CURVE('',#544,#515,#546,.T.);
#544 = VERTEX_POINT('',#545);
#545 = CARTESIAN_POINT('',(-39.,31.,15.));
#546 = SURFACE_CURVE('',#547,(#551,#558),.PCURVE_S1.);
#547 = LINE('',#548,#549);
#548 = CARTESIAN_POINT('',(-46.,31.,15.));
#549 = VECTOR('',#550,1.);
#550 = DIRECTION('',(1.,0.,-0.));
#551 = PCURVE('',#44,#552);
#552 = DEFINITIONAL_REPRESENTATION('',(#553),#557);
#553 = LINE('',#554,#555);
#554 = CARTESIAN_POINT('',(0.,62.));
#555 = VECTOR('',#556,1.);
#556 = DIRECTION('',(1.,0.));
#557 = ( GEOMETRIC_REPRESENTATION_CONTEXT(2) 
PARAMETRIC_REPRESENTATION_CONTEXT() REPRESENTATION_CONTEXT('2D SPACE',''
  ) );
#558 = PCURVE('',#559,#564);
#559 = PLANE('',#560);
#560 = AXIS2_PLACEMENT_3D('',#561,#562,#563);
#561 = CARTESIAN_POINT('',(-46.,31.,0.));
#562 = DIRECTION('',(-0.,1.,0.));
#563 = DIRECTION('',(0.,0.,1.));
#564 = DEFINITIONAL_REPRESENTATION('',(#565),#569);
#565 = LINE('',#566,#567);
#566 = CARTESIAN_POINT('',(15.,0.));
#567 = VECTOR('',#568,1.);
#568 = DIRECTION('',(0.,1.));
#569 = ( GEOMETRIC_REPRESENTATION_CONTEXT(2) 
PARAMETRIC_REPRESENTATION_CONTEXT() REPRESENTATION_CONTEXT('2D SPACE',''
  ) );
#570 = ORIENTED_EDGE('',*,*,#571,.F.);
#571 = EDGE_CURVE('',#214,#544,#572,.T.);
#572 = SURFACE_CURVE('',#573,(#578,#589),.PCURVE_S1.);
#573 = CIRCLE('',#574,7.);
#574 = AXIS2_PLACEMENT_3D('',#575,#576,#577);
#575 = CARTESIAN_POINT('',(-39.,24.,15.));
#576 = DIRECTION('',(-0.,-0.,-1.));
#577 = DIRECTION('',(0.,-1.,0.));
#578 = PCURVE('',#44,#579);
#579 = DEFINITIONAL_REPRESENTATION('',(#580),#588);
#580 = ( BOUNDED_CURVE() B_SPLINE_CURVE(2,(#581,#582,#583,#584,#585,#586
,#587),.UNSPECIFIED.,.T.,.F.) B_SPLINE_CURVE_WITH_KNOTS((1,2,2,2,2,1),(
    -2.094395102393,0.,2.094395102393,4.188790204786,6.28318530718,
8.377580409573),.UNSPECIFIED.) CURVE() GEOMETRIC_REPRESENTATION_ITEM() 
RATIONAL_B_SPLINE_CURVE((1.,0.5,1.,0.5,1.,0.5,1.)) REPRESENTATION_ITEM(
  '') );
#581 = CARTESIAN_POINT('',(7.,48.));
#582 = CARTESIAN_POINT('',(-5.124355652982,48.));
#583 = CARTESIAN_POINT('',(0.937822173509,58.5));
#584 = CARTESIAN_POINT('',(7.,69.));
#585 = CARTESIAN_POINT('',(13.062177826491,58.5));
#586 = CARTESIAN_POINT('',(19.124355652982,48.));
#587 = CARTESIAN_POINT('',(7.,48.));
#588 = ( GEOMETRIC_REPRESENTATION_CONTEXT(2) 
PARAMETRIC_REPRESENTATION_CONTEXT() REPRESENTATION_CONTEXT('2D SPACE',''
  ) );
#589 = PCURVE('',#229,#590);
#590 = DEFINITIONAL_REPRESENTATION('',(#591),#595);
#591 = LINE('',#592,#593);
#592 = CARTESIAN_POINT('',(1.570796326795,15.));
#593 = VECTOR('',#594,1.);
#594 = DIRECTION('',(-1.,0.));
#595 = ( GEOMETRIC_REPRESENTATION_CONTEXT(2) 
PARAMETRIC_REPRESENTATION_CONTEXT() REPRESENTATION_CONTEXT('2D SPACE',''
  ) );
#596 = ORIENTED_EDGE('',*,*,#241,.F.);
#597 = ORIENTED_EDGE('',*,*,#598,.F.);
#598 = EDGE_CURVE('',#599,#242,#601,.T.);
#599 = VERTEX_POINT('',#600);
#600 = CARTESIAN_POINT('',(-42.5,13.,15.));
#601 = SURFACE_CURVE('',#602,(#606,#612),.PCURVE_S1.);
#602 = LINE('',#603,#604);
#603 = CARTESIAN_POINT('',(-48.625,13.,15.));
#604 = VECTOR('',#605,1.);
#605 = DIRECTION('',(-1.,-0.,0.));
#606 = PCURVE('',#44,#607);
#607 = DEFINITIONAL_REPRESENTATION('',(#608),#611);
#608 = B_SPLINE_CURVE_WITH_KNOTS('',1,(#609,#610),.UNSPECIFIED.,.F.,.F.,
  (2,2),(-7.875,-2.625),.PIECEWISE_BEZIER_KNOTS.);
#609 = CARTESIAN_POINT('',(5.25,44.));
#610 = CARTESIAN_POINT('',(0.,44.));
#611 = ( GEOMETRIC_REPRESENTATION_CONTEXT(2) 
PARAMETRIC_REPRESENTATION_CONTEXT() REPRESENTATION_CONTEXT('2D SPACE',''
  ) );
#612 = PCURVE('',#279,#613);
#613 = DEFINITIONAL_REPRESENTATION('',(#614),#617);
#614 = B_SPLINE_CURVE_WITH_KNOTS('',1,(#615,#616),.UNSPECIFIED.,.F.,.F.,
  (2,2),(-7.875,-2.625),.PIECEWISE_BEZIER_KNOTS.);
#615 = CARTESIAN_POINT('',(3.7,10.5));
#616 = CARTESIAN_POINT('',(3.7,5.25));
#617 = ( GEOMETRIC_REPRESENTATION_CONTEXT(2) 
PARAMETRIC_REPRESENTATION_CONTEXT() REPRESENTATION_CONTEXT('2D SPACE',''
  ) );
#618 = ORIENTED_EDGE('',*,*,#619,.T.);
#619 = EDGE_CURVE('',#599,#620,#622,.T.);
#620 = VERTEX_POINT('',#621);
#621 = CARTESIAN_POINT('',(-42.5,24.,15.));
#622 = SURFACE_CURVE('',#623,(#627,#633),.PCURVE_S1.);
#623 = LINE('',#624,#625);
#624 = CARTESIAN_POINT('',(-42.5,-29.25,15.));
#625 = VECTOR('',#626,1.);
#626 = DIRECTION('',(-0.,1.,0.));
#627 = PCURVE('',#44,#628);
#628 = DEFINITIONAL_REPRESENTATION('',(#629),#632);
#629 = B_SPLINE_CURVE_WITH_KNOTS('',1,(#630,#631),.UNSPECIFIED.,.F.,.F.,
  (2,2),(5.25,53.25),.PIECEWISE_BEZIER_KNOTS.);
#630 = CARTESIAN_POINT('',(3.5,7.));
#631 = CARTESIAN_POINT('',(3.5,55.));
#632 = ( GEOMETRIC_REPRESENTATION_CONTEXT(2) 
PARAMETRIC_REPRESENTATION_CONTEXT() REPRESENTATION_CONTEXT('2D SPACE',''
  ) );
#633 = PCURVE('',#634,#639);
#634 = PLANE('',#635);
#635 = AXIS2_PLACEMENT_3D('',#636,#637,#638);
#636 = CARTESIAN_POINT('',(-42.5,-27.5,3.));
#637 = DIRECTION('',(1.,0.,-0.));
#638 = DIRECTION('',(0.,0.,1.));
#639 = DEFINITIONAL_REPRESENTATION('',(#640),#643);
#640 = B_SPLINE_CURVE_WITH_KNOTS('',1,(#641,#642),.UNSPECIFIED.,.F.,.F.,
  (2,2),(5.25,53.25),.PIECEWISE_BEZIER_KNOTS.);
#641 = CARTESIAN_POINT('',(12.,-3.5));
#642 = CARTESIAN_POINT('',(12.,-51.5));
#643 = ( GEOMETRIC_REPRESENTATION_CONTEXT(2) 
PARAMETRIC_REPRESENTATION_CONTEXT() REPRESENTATION_CONTEXT('2D SPACE',''
  ) );
#644 = ORIENTED_EDGE('',*,*,#645,.F.);
#645 = EDGE_CURVE('',#646,#620,#648,.T.);
#646 = VERTEX_POINT('',#647);
#647 = CARTESIAN_POINT('',(-39.,27.5,15.));
#648 = SURFACE_CURVE('',#649,(#654,#661),.PCURVE_S1.);
#649 = CIRCLE('',#650,3.5);
#650 = AXIS2_PLACEMENT_3D('',#651,#652,#653);
#651 = CARTESIAN_POINT('',(-39.,24.,15.));
#652 = DIRECTION('',(0.,0.,1.));
#653 = DIRECTION('',(-1.,-0.,0.));
#654 = PCURVE('',#44,#655);
#655 = DEFINITIONAL_REPRESENTATION('',(#656),#660);
#656 = CIRCLE('',#657,3.5);
#657 = AXIS2_PLACEMENT_2D('',#658,#659);
#658 = CARTESIAN_POINT('',(7.,55.));
#659 = DIRECTION('',(-1.,0.));
#660 = ( GEOMETRIC_REPRESENTATION_CONTEXT(2) 
PARAMETRIC_REPRESENTATION_CONTEXT() REPRESENTATION_CONTEXT('2D SPACE',''
  ) );
#661 = PCURVE('',#662,#667);
#662 = CYLINDRICAL_SURFACE('',#663,3.5);
#663 = AXIS2_PLACEMENT_3D('',#664,#665,#666);
#664 = CARTESIAN_POINT('',(-39.,24.,3.));
#665 = DIRECTION('',(0.,0.,1.));
#666 = DIRECTION('',(-1.,-0.,0.));
#667 = DEFINITIONAL_REPRESENTATION('',(#668),#672);
#668 = LINE('',#669,#670);
#669 = CARTESIAN_POINT('',(-6.28318530718,12.));
#670 = VECTOR('',#671,1.);
#671 = DIRECTION('',(1.,-0.));
#672 = ( GEOMETRIC_REPRESENTATION_CONTEXT(2) 
PARAMETRIC_REPRESENTATION_CONTEXT() REPRESENTATION_CONTEXT('2D SPACE',''
  ) );
#673 = ORIENTED_EDGE('',*,*,#674,.F.);
#674 = EDGE_CURVE('',#675,#646,#677,.T.);
#675 = VERTEX_POINT('',#676);
#676 = CARTESIAN_POINT('',(39.,27.5,15.));
#677 = SURFACE_CURVE('',#678,(#682,#688),.PCURVE_S1.);
#678 = LINE('',#679,#680);
#679 = CARTESIAN_POINT('',(-44.25,27.5,15.));
#680 = VECTOR('',#681,1.);
#681 = DIRECTION('',(-1.,-0.,0.));
#682 = PCURVE('',#44,#683);
#683 = DEFINITIONAL_REPRESENTATION('',(#684),#687);
#684 = B_SPLINE_CURVE_WITH_KNOTS('',1,(#685,#686),.UNSPECIFIED.,.F.,.F.,
  (2,2),(-83.25,-5.25),.PIECEWISE_BEZIER_KNOTS.);
#685 = CARTESIAN_POINT('',(85.,58.5));
#686 = CARTESIAN_POINT('',(7.,58.5));
#687 = ( GEOMETRIC_REPRESENTATION_CONTEXT(2) 
PARAMETRIC_REPRESENTATION_CONTEXT() REPRESENTATION_CONTEXT('2D SPACE',''
  ) );
#688 = PCURVE('',#689,#694);
#689 = PLANE('',#690);
#690 = AXIS2_PLACEMENT_3D('',#691,#692,#693);
#691 = CARTESIAN_POINT('',(-42.5,27.5,3.));
#692 = DIRECTION('',(-0.,1.,0.));
#693 = DIRECTION('',(0.,0.,1.));
#694 = DEFINITIONAL_REPRESENTATION('',(#695),#698);
#695 = B_SPLINE_CURVE_WITH_KNOTS('',1,(#696,#697),.UNSPECIFIED.,.F.,.F.,
  (2,2),(-83.25,-5.25),.PIECEWISE_BEZIER_KNOTS.);
#696 = CARTESIAN_POINT('',(12.,81.5));
#697 = CARTESIAN_POINT('',(12.,3.5));
#698 = ( GEOMETRIC_REPRESENTATION_CONTEXT(2) 
PARAMETRIC_REPRESENTATION_CONTEXT() REPRESENTATION_CONTEXT('2D SPACE',''
  ) );
#699 = ORIENTED_EDGE('',*,*,#700,.F.);
#700 = EDGE_CURVE('',#701,#675,#703,.T.);
#701 = VERTEX_POINT('',#702);
#702 = CARTESIAN_POINT('',(42.5,24.,15.));
#703 = SURFACE_CURVE('',#704,(#709,#716),.PCURVE_S1.);
#704 = CIRCLE('',#705,3.5);
#705 = AXIS2_PLACEMENT_3D('',#706,#707,#708);
#706 = CARTESIAN_POINT('',(39.,24.,15.));
#707 = DIRECTION('',(0.,0.,1.));
#708 = DIRECTION('',(1.,0.,-0.));
#709 = PCURVE('',#44,#710);
#710 = DEFINITIONAL_REPRESENTATION('',(#711),#715);
#711 = CIRCLE('',#712,3.5);
#712 = AXIS2_PLACEMENT_2D('',#713,#714);
#713 = CARTESIAN_POINT('',(85.,55.));
#714 = DIRECTION('',(1.,0.));
#715 = ( GEOMETRIC_REPRESENTATION_CONTEXT(2) 
PARAMETRIC_REPRESENTATION_CONTEXT() REPRESENTATION_CONTEXT('2D SPACE',''
  ) );
#716 = PCURVE('',#717,#722);
#717 = CYLINDRICAL_SURFACE('',#718,3.5);
#718 = AXIS2_PLACEMENT_3D('',#719,#720,#721);
#719 = CARTESIAN_POINT('',(39.,24.,3.));
#720 = DIRECTION('',(0.,0.,1.));
#721 = DIRECTION('',(1.,0.,-0.));
#722 = DEFINITIONAL_REPRESENTATION('',(#723),#727);
#723 = LINE('',#724,#725);
#724 = CARTESIAN_POINT('',(0.,12.));
#725 = VECTOR('',#726,1.);
#726 = DIRECTION('',(1.,0.));
#727 = ( GEOMETRIC_REPRESENTATION_CONTEXT(2) 
PARAMETRIC_REPRESENTATION_CONTEXT() REPRESENTATION_CONTEXT('2D SPACE',''
  ) );
#728 = ORIENTED_EDGE('',*,*,#729,.F.);
#729 = EDGE_CURVE('',#730,#701,#732,.T.);
#730 = VERTEX_POINT('',#731);
#731 = CARTESIAN_POINT('',(42.5,-24.,15.));
#732 = SURFACE_CURVE('',#733,(#737,#743),.PCURVE_S1.);
#733 = LINE('',#734,#735);
#734 = CARTESIAN_POINT('',(42.5,-29.25,15.));
#735 = VECTOR('',#736,1.);
#736 = DIRECTION('',(-0.,1.,0.));
#737 = PCURVE('',#44,#738);
#738 = DEFINITIONAL_REPRESENTATION('',(#739),#742);
#739 = B_SPLINE_CURVE_WITH_KNOTS('',1,(#740,#741),.UNSPECIFIED.,.F.,.F.,
  (2,2),(5.25,53.25),.PIECEWISE_BEZIER_KNOTS.);
#740 = CARTESIAN_POINT('',(88.5,7.));
#741 = CARTESIAN_POINT('',(88.5,55.));
#742 = ( GEOMETRIC_REPRESENTATION_CONTEXT(2) 
PARAMETRIC_REPRESENTATION_CONTEXT() REPRESENTATION_CONTEXT('2D SPACE',''
  ) );
#743 = PCURVE('',#744,#749);
#744 = PLANE('',#745);
#745 = AXIS2_PLACEMENT_3D('',#746,#747,#748);
#746 = CARTESIAN_POINT('',(42.5,-27.5,3.));
#747 = DIRECTION('',(1.,0.,-0.));
#748 = DIRECTION('',(0.,0.,1.));
#749 = DEFINITIONAL_REPRESENTATION('',(#750),#753);
#750 = B_SPLINE_CURVE_WITH_KNOTS('',1,(#751,#752),.UNSPECIFIED.,.F.,.F.,
  (2,2),(5.25,53.25),.PIECEWISE_BEZIER_KNOTS.);
#751 = CARTESIAN_POINT('',(12.,-3.5));
#752 = CARTESIAN_POINT('',(12.,-51.5));
#753 = ( GEOMETRIC_REPRESENTATION_CONTEXT(2) 
PARAMETRIC_REPRESENTATION_CONTEXT() REPRESENTATION_CONTEXT('2D SPACE',''
  ) );
#754 = ORIENTED_EDGE('',*,*,#755,.F.);
#755 = EDGE_CURVE('',#756,#730,#758,.T.);
#756 = VERTEX_POINT('',#757);
#757 = CARTESIAN_POINT('',(39.,-27.5,15.));
#758 = SURFACE_CURVE('',#759,(#764,#771),.PCURVE_S1.);
#759 = CIRCLE('',#760,3.5);
#760 = AXIS2_PLACEMENT_3D('',#761,#762,#763);
#761 = CARTESIAN_POINT('',(39.,-24.,15.));
#762 = DIRECTION('',(0.,0.,1.));
#763 = DIRECTION('',(1.,0.,-0.));
#764 = PCURVE('',#44,#765);
#765 = DEFINITIONAL_REPRESENTATION('',(#766),#770);
#766 = CIRCLE('',#767,3.5);
#767 = AXIS2_PLACEMENT_2D('',#768,#769);
#768 = CARTESIAN_POINT('',(85.,7.));
#769 = DIRECTION('',(1.,0.));
#770 = ( GEOMETRIC_REPRESENTATION_CONTEXT(2) 
PARAMETRIC_REPRESENTATION_CONTEXT() REPRESENTATION_CONTEXT('2D SPACE',''
  ) );
#771 = PCURVE('',#772,#777);
#772 = CYLINDRICAL_SURFACE('',#773,3.5);
#773 = AXIS2_PLACEMENT_3D('',#774,#775,#776);
#774 = CARTESIAN_POINT('',(39.,-24.,3.));
#775 = DIRECTION('',(0.,0.,1.));
#776 = DIRECTION('',(1.,0.,-0.));
#777 = DEFINITIONAL_REPRESENTATION('',(#778),#782);
#778 = LINE('',#779,#780);
#779 = CARTESIAN_POINT('',(-6.28318530718,12.));
#780 = VECTOR('',#781,1.);
#781 = DIRECTION('',(1.,-0.));
#782 = ( GEOMETRIC_REPRESENTATION_CONTEXT(2) 
PARAMETRIC_REPRESENTATION_CONTEXT() REPRESENTATION_CONTEXT('2D SPACE',''
  ) );
#783 = ORIENTED_EDGE('',*,*,#784,.T.);
#784 = EDGE_CURVE('',#756,#785,#787,.T.);
#785 = VERTEX_POINT('',#786);
#786 = CARTESIAN_POINT('',(-39.,-27.5,15.));
#787 = SURFACE_CURVE('',#788,(#792,#798),.PCURVE_S1.);
#788 = LINE('',#789,#790);
#789 = CARTESIAN_POINT('',(-44.25,-27.5,15.));
#790 = VECTOR('',#791,1.);
#791 = DIRECTION('',(-1.,-0.,0.));
#792 = PCURVE('',#44,#793);
#793 = DEFINITIONAL_REPRESENTATION('',(#794),#797);
#794 = B_SPLINE_CURVE_WITH_KNOTS('',1,(#795,#796),.UNSPECIFIED.,.F.,.F.,
  (2,2),(-83.25,-5.25),.PIECEWISE_BEZIER_KNOTS.);
#795 = CARTESIAN_POINT('',(85.,3.5));
#796 = CARTESIAN_POINT('',(7.,3.5));
#797 = ( GEOMETRIC_REPRESENTATION_CONTEXT(2) 
PARAMETRIC_REPRESENTATION_CONTEXT() REPRESENTATION_CONTEXT('2D SPACE',''
  ) );
#798 = PCURVE('',#799,#804);
#799 = PLANE('',#800);
#800 = AXIS2_PLACEMENT_3D('',#801,#802,#803);
#801 = CARTESIAN_POINT('',(-42.5,-27.5,3.));
#802 = DIRECTION('',(-0.,1.,0.));
#803 = DIRECTION('',(0.,0.,1.));
#804 = DEFINITIONAL_REPRESENTATION('',(#805),#808);
#805 = B_SPLINE_CURVE_WITH_KNOTS('',1,(#806,#807),.UNSPECIFIED.,.F.,.F.,
  (2,2),(-83.25,-5.25),.PIECEWISE_BEZIER_KNOTS.);
#806 = CARTESIAN_POINT('',(12.,81.5));
#807 = CARTESIAN_POINT('',(12.,3.5));
#808 = ( GEOMETRIC_REPRESENTATION_CONTEXT(2) 
PARAMETRIC_REPRESENTATION_CONTEXT() REPRESENTATION_CONTEXT('2D SPACE',''
  ) );
#809 = ORIENTED_EDGE('',*,*,#810,.F.);
#810 = EDGE_CURVE('',#811,#785,#813,.T.);
#811 = VERTEX_POINT('',#812);
#812 = CARTESIAN_POINT('',(-42.5,-24.,15.));
#813 = SURFACE_CURVE('',#814,(#819,#826),.PCURVE_S1.);
#814 = CIRCLE('',#815,3.5);
#815 = AXIS2_PLACEMENT_3D('',#816,#817,#818);
#816 = CARTESIAN_POINT('',(-39.,-24.,15.));
#817 = DIRECTION('',(0.,0.,1.));
#818 = DIRECTION('',(-1.,-0.,0.));
#819 = PCURVE('',#44,#820);
#820 = DEFINITIONAL_REPRESENTATION('',(#821),#825);
#821 = CIRCLE('',#822,3.5);
#822 = AXIS2_PLACEMENT_2D('',#823,#824);
#823 = CARTESIAN_POINT('',(7.,7.));
#824 = DIRECTION('',(-1.,0.));
#825 = ( GEOMETRIC_REPRESENTATION_CONTEXT(2) 
PARAMETRIC_REPRESENTATION_CONTEXT() REPRESENTATION_CONTEXT('2D SPACE',''
  ) );
#826 = PCURVE('',#827,#832);
#827 = CYLINDRICAL_SURFACE('',#828,3.5);
#828 = AXIS2_PLACEMENT_3D('',#829,#830,#831);
#829 = CARTESIAN_POINT('',(-39.,-24.,3.));
#830 = DIRECTION('',(0.,0.,1.));
#831 = DIRECTION('',(-1.,-0.,0.));
#832 = DEFINITIONAL_REPRESENTATION('',(#833),#837);
#833 = LINE('',#834,#835);
#834 = CARTESIAN_POINT('',(0.,12.));
#835 = VECTOR('',#836,1.);
#836 = DIRECTION('',(1.,0.));
#837 = ( GEOMETRIC_REPRESENTATION_CONTEXT(2) 
PARAMETRIC_REPRESENTATION_CONTEXT() REPRESENTATION_CONTEXT('2D SPACE',''
  ) );
#838 = ORIENTED_EDGE('',*,*,#839,.T.);
#839 = EDGE_CURVE('',#811,#840,#842,.T.);
#840 = VERTEX_POINT('',#841);
#841 = CARTESIAN_POINT('',(-42.5,-11.5612494996,15.));
#842 = SURFACE_CURVE('',#843,(#847,#853),.PCURVE_S1.);
#843 = LINE('',#844,#845);
#844 = CARTESIAN_POINT('',(-42.5,-29.25,15.));
#845 = VECTOR('',#846,1.);
#846 = DIRECTION('',(-0.,1.,0.));
#847 = PCURVE('',#44,#848);
#848 = DEFINITIONAL_REPRESENTATION('',(#849),#852);
#849 = B_SPLINE_CURVE_WITH_KNOTS('',1,(#850,#851),.UNSPECIFIED.,.F.,.F.,
  (2,2),(5.25,53.25),.PIECEWISE_BEZIER_KNOTS.);
#850 = CARTESIAN_POINT('',(3.5,7.));
#851 = CARTESIAN_POINT('',(3.5,55.));
#852 = ( GEOMETRIC_REPRESENTATION_CONTEXT(2) 
PARAMETRIC_REPRESENTATION_CONTEXT() REPRESENTATION_CONTEXT('2D SPACE',''
  ) );
#853 = PCURVE('',#634,#854);
#854 = DEFINITIONAL_REPRESENTATION('',(#855),#858);
#855 = B_SPLINE_CURVE_WITH_KNOTS('',1,(#856,#857),.UNSPECIFIED.,.F.,.F.,
  (2,2),(5.25,53.25),.PIECEWISE_BEZIER_KNOTS.);
#856 = CARTESIAN_POINT('',(12.,-3.5));
#857 = CARTESIAN_POINT('',(12.,-51.5));
#858 = ( GEOMETRIC_REPRESENTATION_CONTEXT(2) 
PARAMETRIC_REPRESENTATION_CONTEXT() REPRESENTATION_CONTEXT('2D SPACE',''
  ) );
#859 = ORIENTED_EDGE('',*,*,#860,.F.);
#860 = EDGE_CURVE('',#24,#840,#861,.T.);
#861 = SURFACE_CURVE('',#862,(#866,#872),.PCURVE_S1.);
#862 = LINE('',#863,#864);
#863 = CARTESIAN_POINT('',(-51.25,-11.5612494996,15.));
#864 = VECTOR('',#865,1.);
#865 = DIRECTION('',(1.,0.,2.22044604925E-16));
#866 = PCURVE('',#44,#867);
#867 = DEFINITIONAL_REPRESENTATION('',(#868),#871);
#868 = B_SPLINE_CURVE_WITH_KNOTS('',1,(#869,#870),.UNSPECIFIED.,.F.,.F.,
  (2,2),(-5.999999999062E-07,10.5000006),.PIECEWISE_BEZIER_KNOTS.);
#869 = CARTESIAN_POINT('',(-5.2500006,19.4387505004));
#870 = CARTESIAN_POINT('',(5.2500006,19.4387505004));
#871 = ( GEOMETRIC_REPRESENTATION_CONTEXT(2) 
PARAMETRIC_REPRESENTATION_CONTEXT() REPRESENTATION_CONTEXT('2D SPACE',''
  ) );
#872 = PCURVE('',#385,#873);
#873 = DEFINITIONAL_REPRESENTATION('',(#874),#877);
#874 = B_SPLINE_CURVE_WITH_KNOTS('',1,(#875,#876),.UNSPECIFIED.,.F.,.F.,
  (2,2),(5.25,8.75),.PIECEWISE_BEZIER_KNOTS.);
#875 = CARTESIAN_POINT('',(4.037257447448,5.25));
#876 = CARTESIAN_POINT('',(4.037257447448,8.75));
#877 = ( GEOMETRIC_REPRESENTATION_CONTEXT(2) 
PARAMETRIC_REPRESENTATION_CONTEXT() REPRESENTATION_CONTEXT('2D SPACE',''
  ) );
#878 = ADVANCED_FACE('',(#879),#72,.T.);
#879 = FACE_BOUND('',#880,.T.);
#880 = EDGE_LOOP('',(#881,#905,#926,#927));
#881 = ORIENTED_EDGE('',*,*,#882,.T.);
#882 = EDGE_CURVE('',#57,#883,#885,.T.);
#883 = VERTEX_POINT('',#884);
#884 = CARTESIAN_POINT('',(-39.,-31.,0.));
#885 = SURFACE_CURVE('',#886,(#891,#898),.PCURVE_S1.);
#886 = CIRCLE('',#887,7.);
#887 = AXIS2_PLACEMENT_3D('',#888,#889,#890);
#888 = CARTESIAN_POINT('',(-39.,-24.,0.));
#889 = DIRECTION('',(0.,0.,1.));
#890 = DIRECTION('',(0.,-1.,0.));
#891 = PCURVE('',#72,#892);
#892 = DEFINITIONAL_REPRESENTATION('',(#893),#897);
#893 = LINE('',#894,#895);
#894 = CARTESIAN_POINT('',(-4.712388980385,0.));
#895 = VECTOR('',#896,1.);
#896 = DIRECTION('',(1.,0.));
#897 = ( GEOMETRIC_REPRESENTATION_CONTEXT(2) 
PARAMETRIC_REPRESENTATION_CONTEXT() REPRESENTATION_CONTEXT('2D SPACE',''
  ) );
#898 = PCURVE('',#100,#899);
#899 = DEFINITIONAL_REPRESENTATION('',(#900),#904);
#900 = CIRCLE('',#901,7.);
#901 = AXIS2_PLACEMENT_2D('',#902,#903);
#902 = CARTESIAN_POINT('',(7.,7.));
#903 = DIRECTION('',(0.,-1.));
#904 = ( GEOMETRIC_REPRESENTATION_CONTEXT(2) 
PARAMETRIC_REPRESENTATION_CONTEXT() REPRESENTATION_CONTEXT('2D SPACE',''
  ) );
#905 = ORIENTED_EDGE('',*,*,#906,.T.);
#906 = EDGE_CURVE('',#883,#402,#907,.T.);
#907 = SURFACE_CURVE('',#908,(#912,#919),.PCURVE_S1.);
#908 = LINE('',#909,#910);
#909 = CARTESIAN_POINT('',(-39.,-31.,0.));
#910 = VECTOR('',#911,1.);
#911 = DIRECTION('',(0.,0.,1.));
#912 = PCURVE('',#72,#913);
#913 = DEFINITIONAL_REPRESENTATION('',(#914),#918);
#914 = LINE('',#915,#916);
#915 = CARTESIAN_POINT('',(1.570796326795,0.));
#916 = VECTOR('',#917,1.);
#917 = DIRECTION('',(0.,1.));
#918 = ( GEOMETRIC_REPRESENTATION_CONTEXT(2) 
PARAMETRIC_REPRESENTATION_CONTEXT() REPRESENTATION_CONTEXT('2D SPACE',''
  ) );
#919 = PCURVE('',#441,#920);
#920 = DEFINITIONAL_REPRESENTATION('',(#921),#925);
#921 = LINE('',#922,#923);
#922 = CARTESIAN_POINT('',(0.,7.));
#923 = VECTOR('',#924,1.);
#924 = DIRECTION('',(1.,0.));
#925 = ( GEOMETRIC_REPRESENTATION_CONTEXT(2) 
PARAMETRIC_REPRESENTATION_CONTEXT() REPRESENTATION_CONTEXT('2D SPACE',''
  ) );
#926 = ORIENTED_EDGE('',*,*,#401,.F.);
#927 = ORIENTED_EDGE('',*,*,#56,.F.);
#928 = ADVANCED_FACE('',(#929,#1260,#1291,#1322,#1432,#1463,#1573,#1604)
  ,#100,.F.);
#929 = FACE_BOUND('',#930,.F.);
#930 = EDGE_LOOP('',(#931,#932,#933,#956,#984,#1007,#1035,#1063,#1091,
    #1114,#1138,#1161,#1187,#1188,#1211,#1239));
#931 = ORIENTED_EDGE('',*,*,#84,.F.);
#932 = ORIENTED_EDGE('',*,*,#882,.T.);
#933 = ORIENTED_EDGE('',*,*,#934,.T.);
#934 = EDGE_CURVE('',#883,#935,#937,.T.);
#935 = VERTEX_POINT('',#936);
#936 = CARTESIAN_POINT('',(39.,-31.,0.));
#937 = SURFACE_CURVE('',#938,(#942,#949),.PCURVE_S1.);
#938 = LINE('',#939,#940);
#939 = CARTESIAN_POINT('',(-46.,-31.,0.));
#940 = VECTOR('',#941,1.);
#941 = DIRECTION('',(1.,0.,-0.));
#942 = PCURVE('',#100,#943);
#943 = DEFINITIONAL_REPRESENTATION('',(#944),#948);
#944 = LINE('',#945,#946);
#945 = CARTESIAN_POINT('',(0.,0.));
#946 = VECTOR('',#947,1.);
#947 = DIRECTION('',(1.,0.));
#948 = ( GEOMETRIC_REPRESENTATION_CONTEXT(2) 
PARAMETRIC_REPRESENTATION_CONTEXT() REPRESENTATION_CONTEXT('2D SPACE',''
  ) );
#949 = PCURVE('',#441,#950);
#950 = DEFINITIONAL_REPRESENTATION('',(#951),#955);
#951 = LINE('',#952,#953);
#952 = CARTESIAN_POINT('',(0.,0.));
#953 = VECTOR('',#954,1.);
#954 = DIRECTION('',(0.,1.));
#955 = ( GEOMETRIC_REPRESENTATION_CONTEXT(2) 
PARAMETRIC_REPRESENTATION_CONTEXT() REPRESENTATION_CONTEXT('2D SPACE',''
  ) );
#956 = ORIENTED_EDGE('',*,*,#957,.F.);
#957 = EDGE_CURVE('',#958,#935,#960,.T.);
#958 = VERTEX_POINT('',#959);
#959 = CARTESIAN_POINT('',(46.,-24.,0.));
#960 = SURFACE_CURVE('',#961,(#966,#977),.PCURVE_S1.);
#961 = CIRCLE('',#962,7.);
#962 = AXIS2_PLACEMENT_3D('',#963,#964,#965);
#963 = CARTESIAN_POINT('',(39.,-24.,0.));
#964 = DIRECTION('',(-0.,-0.,-1.));
#965 = DIRECTION('',(0.,-1.,0.));
#966 = PCURVE('',#100,#967);
#967 = DEFINITIONAL_REPRESENTATION('',(#968),#976);
#968 = ( BOUNDED_CURVE() B_SPLINE_CURVE(2,(#969,#970,#971,#972,#973,#974
,#975),.UNSPECIFIED.,.T.,.F.) B_SPLINE_CURVE_WITH_KNOTS((1,2,2,2,2,1),(
    -2.094395102393,0.,2.094395102393,4.188790204786,6.28318530718,
8.377580409573),.UNSPECIFIED.) CURVE() GEOMETRIC_REPRESENTATION_ITEM() 
RATIONAL_B_SPLINE_CURVE((1.,0.5,1.,0.5,1.,0.5,1.)) REPRESENTATION_ITEM(
  '') );
#969 = CARTESIAN_POINT('',(85.,0.));
#970 = CARTESIAN_POINT('',(72.875644347018,0.));
#971 = CARTESIAN_POINT('',(78.937822173509,10.5));
#972 = CARTESIAN_POINT('',(85.,21.));
#973 = CARTESIAN_POINT('',(91.062177826491,10.5));
#974 = CARTESIAN_POINT('',(97.124355652982,1.06581410364E-14));
#975 = CARTESIAN_POINT('',(85.,0.));
#976 = ( GEOMETRIC_REPRESENTATION_CONTEXT(2) 
PARAMETRIC_REPRESENTATION_CONTEXT() REPRESENTATION_CONTEXT('2D SPACE',''
  ) );
#977 = PCURVE('',#474,#978);
#978 = DEFINITIONAL_REPRESENTATION('',(#979),#983);
#979 = LINE('',#980,#981);
#980 = CARTESIAN_POINT('',(4.712388980385,-0.));
#981 = VECTOR('',#982,1.);
#982 = DIRECTION('',(-1.,0.));
#983 = ( GEOMETRIC_REPRESENTATION_CONTEXT(2) 
PARAMETRIC_REPRESENTATION_CONTEXT() REPRESENTATION_CONTEXT('2D SPACE',''
  ) );
#984 = ORIENTED_EDGE('',*,*,#985,.T.);
#985 = EDGE_CURVE('',#958,#986,#988,.T.);
#986 = VERTEX_POINT('',#987);
#987 = CARTESIAN_POINT('',(46.,-20.,0.));
#988 = SURFACE_CURVE('',#989,(#993,#1000),.PCURVE_S1.);
#989 = LINE('',#990,#991);
#990 = CARTESIAN_POINT('',(46.,-31.,0.));
#991 = VECTOR('',#992,1.);
#992 = DIRECTION('',(-0.,1.,0.));
#993 = PCURVE('',#100,#994);
#994 = DEFINITIONAL_REPRESENTATION('',(#995),#999);
#995 = LINE('',#996,#997);
#996 = CARTESIAN_POINT('',(92.,0.));
#997 = VECTOR('',#998,1.);
#998 = DIRECTION('',(0.,1.));
#999 = ( GEOMETRIC_REPRESENTATION_CONTEXT(2) 
PARAMETRIC_REPRESENTATION_CONTEXT() REPRESENTATION_CONTEXT('2D SPACE',''
  ) );
#1000 = PCURVE('',#502,#1001);
#1001 = DEFINITIONAL_REPRESENTATION('',(#1002),#1006);
#1002 = LINE('',#1003,#1004);
#1003 = CARTESIAN_POINT('',(0.,0.));
#1004 = VECTOR('',#1005,1.);
#1005 = DIRECTION('',(0.,-1.));
#1006 = ( GEOMETRIC_REPRESENTATION_CONTEXT(2) 
PARAMETRIC_REPRESENTATION_CONTEXT() REPRESENTATION_CONTEXT('2D SPACE',''
  ) );
#1007 = ORIENTED_EDGE('',*,*,#1008,.T.);
#1008 = EDGE_CURVE('',#986,#1009,#1011,.T.);
#1009 = VERTEX_POINT('',#1010);
#1010 = CARTESIAN_POINT('',(56.,-20.,0.));
#1011 = SURFACE_CURVE('',#1012,(#1016,#1023),.PCURVE_S1.);
#1012 = LINE('',#1013,#1014);
#1013 = CARTESIAN_POINT('',(44.,-20.,0.));
#1014 = VECTOR('',#1015,1.);
#1015 = DIRECTION('',(1.,0.,-0.));
#1016 = PCURVE('',#100,#1017);
#1017 = DEFINITIONAL_REPRESENTATION('',(#1018),#1022);
#1018 = LINE('',#1019,#1020);
#1019 = CARTESIAN_POINT('',(90.,11.));
#1020 = VECTOR('',#1021,1.);
#1021 = DIRECTION('',(1.,0.));
#1022 = ( GEOMETRIC_REPRESENTATION_CONTEXT(2) 
PARAMETRIC_REPRESENTATION_CONTEXT() REPRESENTATION_CONTEXT('2D SPACE',''
  ) );
#1023 = PCURVE('',#1024,#1029);
#1024 = PLANE('',#1025);
#1025 = AXIS2_PLACEMENT_3D('',#1026,#1027,#1028);
#1026 = CARTESIAN_POINT('',(44.,-20.,0.));
#1027 = DIRECTION('',(-0.,1.,0.));
#1028 = DIRECTION('',(0.,0.,1.));
#1029 = DEFINITIONAL_REPRESENTATION('',(#1030),#1034);
#1030 = LINE('',#1031,#1032);
#1031 = CARTESIAN_POINT('',(0.,0.));
#1032 = VECTOR('',#1033,1.);
#1033 = DIRECTION('',(0.,1.));
#1034 = ( GEOMETRIC_REPRESENTATION_CONTEXT(2) 
PARAMETRIC_REPRESENTATION_CONTEXT() REPRESENTATION_CONTEXT('2D SPACE',''
  ) );
#1035 = ORIENTED_EDGE('',*,*,#1036,.T.);
#1036 = EDGE_CURVE('',#1009,#1037,#1039,.T.);
#1037 = VERTEX_POINT('',#1038);
#1038 = CARTESIAN_POINT('',(56.,20.,0.));
#1039 = SURFACE_CURVE('',#1040,(#1044,#1051),.PCURVE_S1.);
#1040 = LINE('',#1041,#1042);
#1041 = CARTESIAN_POINT('',(56.,-20.,0.));
#1042 = VECTOR('',#1043,1.);
#1043 = DIRECTION('',(-0.,1.,0.));
#1044 = PCURVE('',#100,#1045);
#1045 = DEFINITIONAL_REPRESENTATION('',(#1046),#1050);
#1046 = LINE('',#1047,#1048);
#1047 = CARTESIAN_POINT('',(102.,11.));
#1048 = VECTOR('',#1049,1.);
#1049 = DIRECTION('',(0.,1.));
#1050 = ( GEOMETRIC_REPRESENTATION_CONTEXT(2) 
PARAMETRIC_REPRESENTATION_CONTEXT() REPRESENTATION_CONTEXT('2D SPACE',''
  ) );
#1051 = PCURVE('',#1052,#1057);
#1052 = PLANE('',#1053);
#1053 = AXIS2_PLACEMENT_3D('',#1054,#1055,#1056);
#1054 = CARTESIAN_POINT('',(56.,-20.,0.));
#1055 = DIRECTION('',(1.,0.,-0.));
#1056 = DIRECTION('',(0.,0.,1.));
#1057 = DEFINITIONAL_REPRESENTATION('',(#1058),#1062);
#1058 = LINE('',#1059,#1060);
#1059 = CARTESIAN_POINT('',(0.,0.));
#1060 = VECTOR('',#1061,1.);
#1061 = DIRECTION('',(0.,-1.));
#1062 = ( GEOMETRIC_REPRESENTATION_CONTEXT(2) 
PARAMETRIC_REPRESENTATION_CONTEXT() REPRESENTATION_CONTEXT('2D SPACE',''
  ) );
#1063 = ORIENTED_EDGE('',*,*,#1064,.F.);
#1064 = EDGE_CURVE('',#1065,#1037,#1067,.T.);
#1065 = VERTEX_POINT('',#1066);
#1066 = CARTESIAN_POINT('',(46.,20.,0.));
#1067 = SURFACE_CURVE('',#1068,(#1072,#1079),.PCURVE_S1.);
#1068 = LINE('',#1069,#1070);
#1069 = CARTESIAN_POINT('',(44.,20.,0.));
#1070 = VECTOR('',#1071,1.);
#1071 = DIRECTION('',(1.,0.,-0.));
#1072 = PCURVE('',#100,#1073);
#1073 = DEFINITIONAL_REPRESENTATION('',(#1074),#1078);
#1074 = LINE('',#1075,#1076);
#1075 = CARTESIAN_POINT('',(90.,51.));
#1076 = VECTOR('',#1077,1.);
#1077 = DIRECTION('',(1.,0.));
#1078 = ( GEOMETRIC_REPRESENTATION_CONTEXT(2) 
PARAMETRIC_REPRESENTATION_CONTEXT() REPRESENTATION_CONTEXT('2D SPACE',''
  ) );
#1079 = PCURVE('',#1080,#1085);
#1080 = PLANE('',#1081);
#1081 = AXIS2_PLACEMENT_3D('',#1082,#1083,#1084);
#1082 = CARTESIAN_POINT('',(44.,20.,0.));
#1083 = DIRECTION('',(-0.,1.,0.));
#1084 = DIRECTION('',(0.,0.,1.));
#1085 = DEFINITIONAL_REPRESENTATION('',(#1086),#1090);
#1086 = LINE('',#1087,#1088);
#1087 = CARTESIAN_POINT('',(0.,0.));
#1088 = VECTOR('',#1089,1.);
#1089 = DIRECTION('',(0.,1.));
#1090 = ( GEOMETRIC_REPRESENTATION_CONTEXT(2) 
PARAMETRIC_REPRESENTATION_CONTEXT() REPRESENTATION_CONTEXT('2D SPACE',''
  ) );
#1091 = ORIENTED_EDGE('',*,*,#1092,.T.);
#1092 = EDGE_CURVE('',#1065,#1093,#1095,.T.);
#1093 = VERTEX_POINT('',#1094);
#1094 = CARTESIAN_POINT('',(46.,24.,0.));
#1095 = SURFACE_CURVE('',#1096,(#1100,#1107),.PCURVE_S1.);
#1096 = LINE('',#1097,#1098);
#1097 = CARTESIAN_POINT('',(46.,-31.,0.));
#1098 = VECTOR('',#1099,1.);
#1099 = DIRECTION('',(-0.,1.,0.));
#1100 = PCURVE('',#100,#1101);
#1101 = DEFINITIONAL_REPRESENTATION('',(#1102),#1106);
#1102 = LINE('',#1103,#1104);
#1103 = CARTESIAN_POINT('',(92.,0.));
#1104 = VECTOR('',#1105,1.);
#1105 = DIRECTION('',(0.,1.));
#1106 = ( GEOMETRIC_REPRESENTATION_CONTEXT(2) 
PARAMETRIC_REPRESENTATION_CONTEXT() REPRESENTATION_CONTEXT('2D SPACE',''
  ) );
#1107 = PCURVE('',#502,#1108);
#1108 = DEFINITIONAL_REPRESENTATION('',(#1109),#1113);
#1109 = LINE('',#1110,#1111);
#1110 = CARTESIAN_POINT('',(0.,0.));
#1111 = VECTOR('',#1112,1.);
#1112 = DIRECTION('',(0.,-1.));
#1113 = ( GEOMETRIC_REPRESENTATION_CONTEXT(2) 
PARAMETRIC_REPRESENTATION_CONTEXT() REPRESENTATION_CONTEXT('2D SPACE',''
  ) );
#1114 = ORIENTED_EDGE('',*,*,#1115,.T.);
#1115 = EDGE_CURVE('',#1093,#1116,#1118,.T.);
#1116 = VERTEX_POINT('',#1117);
#1117 = CARTESIAN_POINT('',(39.,31.,0.));
#1118 = SURFACE_CURVE('',#1119,(#1124,#1131),.PCURVE_S1.);
#1119 = CIRCLE('',#1120,7.);
#1120 = AXIS2_PLACEMENT_3D('',#1121,#1122,#1123);
#1121 = CARTESIAN_POINT('',(39.,24.,0.));
#1122 = DIRECTION('',(0.,0.,1.));
#1123 = DIRECTION('',(0.,-1.,0.));
#1124 = PCURVE('',#100,#1125);
#1125 = DEFINITIONAL_REPRESENTATION('',(#1126),#1130);
#1126 = CIRCLE('',#1127,7.);
#1127 = AXIS2_PLACEMENT_2D('',#1128,#1129);
#1128 = CARTESIAN_POINT('',(85.,55.));
#1129 = DIRECTION('',(0.,-1.));
#1130 = ( GEOMETRIC_REPRESENTATION_CONTEXT(2) 
PARAMETRIC_REPRESENTATION_CONTEXT() REPRESENTATION_CONTEXT('2D SPACE',''
  ) );
#1131 = PCURVE('',#531,#1132);
#1132 = DEFINITIONAL_REPRESENTATION('',(#1133),#1137);
#1133 = LINE('',#1134,#1135);
#1134 = CARTESIAN_POINT('',(-1.570796326795,0.));
#1135 = VECTOR('',#1136,1.);
#1136 = DIRECTION('',(1.,0.));
#1137 = ( GEOMETRIC_REPRESENTATION_CONTEXT(2) 
PARAMETRIC_REPRESENTATION_CONTEXT() REPRESENTATION_CONTEXT('2D SPACE',''
  ) );
#1138 = ORIENTED_EDGE('',*,*,#1139,.F.);
#1139 = EDGE_CURVE('',#1140,#1116,#1142,.T.);
#1140 = VERTEX_POINT('',#1141);
#1141 = CARTESIAN_POINT('',(-39.,31.,0.));
#1142 = SURFACE_CURVE('',#1143,(#1147,#1154),.PCURVE_S1.);
#1143 = LINE('',#1144,#1145);
#1144 = CARTESIAN_POINT('',(-46.,31.,0.));
#1145 = VECTOR('',#1146,1.);
#1146 = DIRECTION('',(1.,0.,-0.));
#1147 = PCURVE('',#100,#1148);
#1148 = DEFINITIONAL_REPRESENTATION('',(#1149),#1153);
#1149 = LINE('',#1150,#1151);
#1150 = CARTESIAN_POINT('',(0.,62.));
#1151 = VECTOR('',#1152,1.);
#1152 = DIRECTION('',(1.,0.));
#1153 = ( GEOMETRIC_REPRESENTATION_CONTEXT(2) 
PARAMETRIC_REPRESENTATION_CONTEXT() REPRESENTATION_CONTEXT('2D SPACE',''
  ) );
#1154 = PCURVE('',#559,#1155);
#1155 = DEFINITIONAL_REPRESENTATION('',(#1156),#1160);
#1156 = LINE('',#1157,#1158);
#1157 = CARTESIAN_POINT('',(0.,0.));
#1158 = VECTOR('',#1159,1.);
#1159 = DIRECTION('',(0.,1.));
#1160 = ( GEOMETRIC_REPRESENTATION_CONTEXT(2) 
PARAMETRIC_REPRESENTATION_CONTEXT() REPRESENTATION_CONTEXT('2D SPACE',''
  ) );
#1161 = ORIENTED_EDGE('',*,*,#1162,.F.);
#1162 = EDGE_CURVE('',#191,#1140,#1163,.T.);
#1163 = SURFACE_CURVE('',#1164,(#1169,#1180),.PCURVE_S1.);
#1164 = CIRCLE('',#1165,7.);
#1165 = AXIS2_PLACEMENT_3D('',#1166,#1167,#1168);
#1166 = CARTESIAN_POINT('',(-39.,24.,0.));
#1167 = DIRECTION('',(-0.,-0.,-1.));
#1168 = DIRECTION('',(0.,-1.,0.));
#1169 = PCURVE('',#100,#1170);
#1170 = DEFINITIONAL_REPRESENTATION('',(#1171),#1179);
#1171 = ( BOUNDED_CURVE() B_SPLINE_CURVE(2,(#1172,#1173,#1174,#1175,
#1176,#1177,#1178),.UNSPECIFIED.,.T.,.F.) B_SPLINE_CURVE_WITH_KNOTS((1,2
    ,2,2,2,1),(-2.094395102393,0.,2.094395102393,4.188790204786,
6.28318530718,8.377580409573),.UNSPECIFIED.) CURVE() 
GEOMETRIC_REPRESENTATION_ITEM() RATIONAL_B_SPLINE_CURVE((1.,0.5,1.,0.5,
1.,0.5,1.)) REPRESENTATION_ITEM('') );
#1172 = CARTESIAN_POINT('',(7.,48.));
#1173 = CARTESIAN_POINT('',(-5.124355652982,48.));
#1174 = CARTESIAN_POINT('',(0.937822173509,58.5));
#1175 = CARTESIAN_POINT('',(7.,69.));
#1176 = CARTESIAN_POINT('',(13.062177826491,58.5));
#1177 = CARTESIAN_POINT('',(19.124355652982,48.));
#1178 = CARTESIAN_POINT('',(7.,48.));
#1179 = ( GEOMETRIC_REPRESENTATION_CONTEXT(2) 
PARAMETRIC_REPRESENTATION_CONTEXT() REPRESENTATION_CONTEXT('2D SPACE',''
  ) );
#1180 = PCURVE('',#229,#1181);
#1181 = DEFINITIONAL_REPRESENTATION('',(#1182),#1186);
#1182 = LINE('',#1183,#1184);
#1183 = CARTESIAN_POINT('',(1.570796326795,-0.));
#1184 = VECTOR('',#1185,1.);
#1185 = DIRECTION('',(-1.,0.));
#1186 = ( GEOMETRIC_REPRESENTATION_CONTEXT(2) 
PARAMETRIC_REPRESENTATION_CONTEXT() REPRESENTATION_CONTEXT('2D SPACE',''
  ) );
#1187 = ORIENTED_EDGE('',*,*,#190,.F.);
#1188 = ORIENTED_EDGE('',*,*,#1189,.F.);
#1189 = EDGE_CURVE('',#1190,#165,#1192,.T.);
#1190 = VERTEX_POINT('',#1191);
#1191 = CARTESIAN_POINT('',(-56.,20.,0.));
#1192 = SURFACE_CURVE('',#1193,(#1197,#1204),.PCURVE_S1.);
#1193 = LINE('',#1194,#1195);
#1194 = CARTESIAN_POINT('',(-56.,20.,0.));
#1195 = VECTOR('',#1196,1.);
#1196 = DIRECTION('',(1.,0.,-0.));
#1197 = PCURVE('',#100,#1198);
#1198 = DEFINITIONAL_REPRESENTATION('',(#1199),#1203);
#1199 = LINE('',#1200,#1201);
#1200 = CARTESIAN_POINT('',(-10.,51.));
#1201 = VECTOR('',#1202,1.);
#1202 = DIRECTION('',(1.,0.));
#1203 = ( GEOMETRIC_REPRESENTATION_CONTEXT(2) 
PARAMETRIC_REPRESENTATION_CONTEXT() REPRESENTATION_CONTEXT('2D SPACE',''
  ) );
#1204 = PCURVE('',#179,#1205);
#1205 = DEFINITIONAL_REPRESENTATION('',(#1206),#1210);
#1206 = LINE('',#1207,#1208);
#1207 = CARTESIAN_POINT('',(0.,0.));
#1208 = VECTOR('',#1209,1.);
#1209 = DIRECTION('',(0.,1.));
#1210 = ( GEOMETRIC_REPRESENTATION_CONTEXT(2) 
PARAMETRIC_REPRESENTATION_CONTEXT() REPRESENTATION_CONTEXT('2D SPACE',''
  ) );
#1211 = ORIENTED_EDGE('',*,*,#1212,.F.);
#1212 = EDGE_CURVE('',#1213,#1190,#1215,.T.);
#1213 = VERTEX_POINT('',#1214);
#1214 = CARTESIAN_POINT('',(-56.,-20.,0.));
#1215 = SURFACE_CURVE('',#1216,(#1220,#1227),.PCURVE_S1.);
#1216 = LINE('',#1217,#1218);
#1217 = CARTESIAN_POINT('',(-56.,-20.,0.));
#1218 = VECTOR('',#1219,1.);
#1219 = DIRECTION('',(-0.,1.,0.));
#1220 = PCURVE('',#100,#1221);
#1221 = DEFINITIONAL_REPRESENTATION('',(#1222),#1226);
#1222 = LINE('',#1223,#1224);
#1223 = CARTESIAN_POINT('',(-10.,11.));
#1224 = VECTOR('',#1225,1.);
#1225 = DIRECTION('',(0.,1.));
#1226 = ( GEOMETRIC_REPRESENTATION_CONTEXT(2) 
PARAMETRIC_REPRESENTATION_CONTEXT() REPRESENTATION_CONTEXT('2D SPACE',''
  ) );
#1227 = PCURVE('',#1228,#1233);
#1228 = PLANE('',#1229);
#1229 = AXIS2_PLACEMENT_3D('',#1230,#1231,#1232);
#1230 = CARTESIAN_POINT('',(-56.,-20.,0.));
#1231 = DIRECTION('',(1.,0.,-0.));
#1232 = DIRECTION('',(0.,0.,1.));
#1233 = DEFINITIONAL_REPRESENTATION('',(#1234),#1238);
#1234 = LINE('',#1235,#1236);
#1235 = CARTESIAN_POINT('',(0.,0.));
#1236 = VECTOR('',#1237,1.);
#1237 = DIRECTION('',(0.,-1.));
#1238 = ( GEOMETRIC_REPRESENTATION_CONTEXT(2) 
PARAMETRIC_REPRESENTATION_CONTEXT() REPRESENTATION_CONTEXT('2D SPACE',''
  ) );
#1239 = ORIENTED_EDGE('',*,*,#1240,.T.);
#1240 = EDGE_CURVE('',#1213,#85,#1241,.T.);
#1241 = SURFACE_CURVE('',#1242,(#1246,#1253),.PCURVE_S1.);
#1242 = LINE('',#1243,#1244);
#1243 = CARTESIAN_POINT('',(-56.,-20.,0.));
#1244 = VECTOR('',#1245,1.);
#1245 = DIRECTION('',(1.,0.,-0.));
#1246 = PCURVE('',#100,#1247);
#1247 = DEFINITIONAL_REPRESENTATION('',(#1248),#1252);
#1248 = LINE('',#1249,#1250);
#1249 = CARTESIAN_POINT('',(-10.,11.));
#1250 = VECTOR('',#1251,1.);
#1251 = DIRECTION('',(1.,0.));
#1252 = ( GEOMETRIC_REPRESENTATION_CONTEXT(2) 
PARAMETRIC_REPRESENTATION_CONTEXT() REPRESENTATION_CONTEXT('2D SPACE',''
  ) );
#1253 = PCURVE('',#127,#1254);
#1254 = DEFINITIONAL_REPRESENTATION('',(#1255),#1259);
#1255 = LINE('',#1256,#1257);
#1256 = CARTESIAN_POINT('',(0.,0.));
#1257 = VECTOR('',#1258,1.);
#1258 = DIRECTION('',(0.,1.));
#1259 = ( GEOMETRIC_REPRESENTATION_CONTEXT(2) 
PARAMETRIC_REPRESENTATION_CONTEXT() REPRESENTATION_CONTEXT('2D SPACE',''
  ) );
#1260 = FACE_BOUND('',#1261,.F.);
#1261 = EDGE_LOOP('',(#1262));
#1262 = ORIENTED_EDGE('',*,*,#1263,.F.);
#1263 = EDGE_CURVE('',#1264,#1264,#1266,.T.);
#1264 = VERTEX_POINT('',#1265);
#1265 = CARTESIAN_POINT('',(-36.65,-23.5,0.));
#1266 = SURFACE_CURVE('',#1267,(#1272,#1279),.PCURVE_S1.);
#1267 = CIRCLE('',#1268,1.35);
#1268 = AXIS2_PLACEMENT_3D('',#1269,#1270,#1271);
#1269 = CARTESIAN_POINT('',(-38.,-23.5,0.));
#1270 = DIRECTION('',(0.,0.,1.));
#1271 = DIRECTION('',(1.,0.,-0.));
#1272 = PCURVE('',#100,#1273);
#1273 = DEFINITIONAL_REPRESENTATION('',(#1274),#1278);
#1274 = CIRCLE('',#1275,1.35);
#1275 = AXIS2_PLACEMENT_2D('',#1276,#1277);
#1276 = CARTESIAN_POINT('',(8.,7.5));
#1277 = DIRECTION('',(1.,0.));
#1278 = ( GEOMETRIC_REPRESENTATION_CONTEXT(2) 
PARAMETRIC_REPRESENTATION_CONTEXT() REPRESENTATION_CONTEXT('2D SPACE',''
  ) );
#1279 = PCURVE('',#1280,#1285);
#1280 = CYLINDRICAL_SURFACE('',#1281,1.35);
#1281 = AXIS2_PLACEMENT_3D('',#1282,#1283,#1284);
#1282 = CARTESIAN_POINT('',(-38.,-23.5,-1.));
#1283 = DIRECTION('',(0.,0.,1.));
#1284 = DIRECTION('',(1.,0.,-0.));
#1285 = DEFINITIONAL_REPRESENTATION('',(#1286),#1290);
#1286 = LINE('',#1287,#1288);
#1287 = CARTESIAN_POINT('',(0.,1.));
#1288 = VECTOR('',#1289,1.);
#1289 = DIRECTION('',(1.,0.));
#1290 = ( GEOMETRIC_REPRESENTATION_CONTEXT(2) 
PARAMETRIC_REPRESENTATION_CONTEXT() REPRESENTATION_CONTEXT('2D SPACE',''
  ) );
#1291 = FACE_BOUND('',#1292,.F.);
#1292 = EDGE_LOOP('',(#1293));
#1293 = ORIENTED_EDGE('',*,*,#1294,.F.);
#1294 = EDGE_CURVE('',#1295,#1295,#1297,.T.);
#1295 = VERTEX_POINT('',#1296);
#1296 = CARTESIAN_POINT('',(39.35,-23.5,0.));
#1297 = SURFACE_CURVE('',#1298,(#1303,#1310),.PCURVE_S1.);
#1298 = CIRCLE('',#1299,1.35);
#1299 = AXIS2_PLACEMENT_3D('',#1300,#1301,#1302);
#1300 = CARTESIAN_POINT('',(38.,-23.5,0.));
#1301 = DIRECTION('',(0.,0.,1.));
#1302 = DIRECTION('',(1.,0.,-0.));
#1303 = PCURVE('',#100,#1304);
#1304 = DEFINITIONAL_REPRESENTATION('',(#1305),#1309);
#1305 = CIRCLE('',#1306,1.35);
#1306 = AXIS2_PLACEMENT_2D('',#1307,#1308);
#1307 = CARTESIAN_POINT('',(84.,7.5));
#1308 = DIRECTION('',(1.,0.));
#1309 = ( GEOMETRIC_REPRESENTATION_CONTEXT(2) 
PARAMETRIC_REPRESENTATION_CONTEXT() REPRESENTATION_CONTEXT('2D SPACE',''
  ) );
#1310 = PCURVE('',#1311,#1316);
#1311 = CYLINDRICAL_SURFACE('',#1312,1.35);
#1312 = AXIS2_PLACEMENT_3D('',#1313,#1314,#1315);
#1313 = CARTESIAN_POINT('',(38.,-23.5,-1.));
#1314 = DIRECTION('',(0.,0.,1.));
#1315 = DIRECTION('',(1.,0.,-0.));
#1316 = DEFINITIONAL_REPRESENTATION('',(#1317),#1321);
#1317 = LINE('',#1318,#1319);
#1318 = CARTESIAN_POINT('',(0.,1.));
#1319 = VECTOR('',#1320,1.);
#1320 = DIRECTION('',(1.,0.));
#1321 = ( GEOMETRIC_REPRESENTATION_CONTEXT(2) 
PARAMETRIC_REPRESENTATION_CONTEXT() REPRESENTATION_CONTEXT('2D SPACE',''
  ) );
#1322 = FACE_BOUND('',#1323,.F.);
#1323 = EDGE_LOOP('',(#1324,#1353,#1380,#1407));
#1324 = ORIENTED_EDGE('',*,*,#1325,.F.);
#1325 = EDGE_CURVE('',#1326,#1328,#1330,.T.);
#1326 = VERTEX_POINT('',#1327);
#1327 = CARTESIAN_POINT('',(-49.,15.,0.));
#1328 = VERTEX_POINT('',#1329);
#1329 = CARTESIAN_POINT('',(-53.,15.,0.));
#1330 = SURFACE_CURVE('',#1331,(#1335,#1342),.PCURVE_S1.);
#1331 = LINE('',#1332,#1333);
#1332 = CARTESIAN_POINT('',(-54.5,15.,0.));
#1333 = VECTOR('',#1334,1.);
#1334 = DIRECTION('',(-1.,-0.,0.));
#1335 = PCURVE('',#100,#1336);
#1336 = DEFINITIONAL_REPRESENTATION('',(#1337),#1341);
#1337 = LINE('',#1338,#1339);
#1338 = CARTESIAN_POINT('',(-8.5,46.));
#1339 = VECTOR('',#1340,1.);
#1340 = DIRECTION('',(-1.,0.));
#1341 = ( GEOMETRIC_REPRESENTATION_CONTEXT(2) 
PARAMETRIC_REPRESENTATION_CONTEXT() REPRESENTATION_CONTEXT('2D SPACE',''
  ) );
#1342 = PCURVE('',#1343,#1348);
#1343 = PLANE('',#1344);
#1344 = AXIS2_PLACEMENT_3D('',#1345,#1346,#1347);
#1345 = CARTESIAN_POINT('',(-53.,15.,-1.));
#1346 = DIRECTION('',(-0.,1.,0.));
#1347 = DIRECTION('',(0.,0.,1.));
#1348 = DEFINITIONAL_REPRESENTATION('',(#1349),#1352);
#1349 = B_SPLINE_CURVE_WITH_KNOTS('',1,(#1350,#1351),.UNSPECIFIED.,.F.,
  .F.,(2,2),(-5.5,-1.5),.PIECEWISE_BEZIER_KNOTS.);
#1350 = CARTESIAN_POINT('',(1.,4.));
#1351 = CARTESIAN_POINT('',(1.,0.));
#1352 = ( GEOMETRIC_REPRESENTATION_CONTEXT(2) 
PARAMETRIC_REPRESENTATION_CONTEXT() REPRESENTATION_CONTEXT('2D SPACE',''
  ) );
#1353 = ORIENTED_EDGE('',*,*,#1354,.F.);
#1354 = EDGE_CURVE('',#1355,#1326,#1357,.T.);
#1355 = VERTEX_POINT('',#1356);
#1356 = CARTESIAN_POINT('',(-49.,-15.,0.));
#1357 = SURFACE_CURVE('',#1358,(#1362,#1369),.PCURVE_S1.);
#1358 = LINE('',#1359,#1360);
#1359 = CARTESIAN_POINT('',(-49.,-17.5,0.));
#1360 = VECTOR('',#1361,1.);
#1361 = DIRECTION('',(-0.,1.,0.));
#1362 = PCURVE('',#100,#1363);
#1363 = DEFINITIONAL_REPRESENTATION('',(#1364),#1368);
#1364 = LINE('',#1365,#1366);
#1365 = CARTESIAN_POINT('',(-3.,13.5));
#1366 = VECTOR('',#1367,1.);
#1367 = DIRECTION('',(0.,1.));
#1368 = ( GEOMETRIC_REPRESENTATION_CONTEXT(2) 
PARAMETRIC_REPRESENTATION_CONTEXT() REPRESENTATION_CONTEXT('2D SPACE',''
  ) );
#1369 = PCURVE('',#1370,#1375);
#1370 = PLANE('',#1371);
#1371 = AXIS2_PLACEMENT_3D('',#1372,#1373,#1374);
#1372 = CARTESIAN_POINT('',(-49.,-15.,-1.));
#1373 = DIRECTION('',(1.,0.,-0.));
#1374 = DIRECTION('',(0.,0.,1.));
#1375 = DEFINITIONAL_REPRESENTATION('',(#1376),#1379);
#1376 = B_SPLINE_CURVE_WITH_KNOTS('',1,(#1377,#1378),.UNSPECIFIED.,.F.,
  .F.,(2,2),(2.5,32.5),.PIECEWISE_BEZIER_KNOTS.);
#1377 = CARTESIAN_POINT('',(1.,0.));
#1378 = CARTESIAN_POINT('',(1.,-30.));
#1379 = ( GEOMETRIC_REPRESENTATION_CONTEXT(2) 
PARAMETRIC_REPRESENTATION_CONTEXT() REPRESENTATION_CONTEXT('2D SPACE',''
  ) );
#1380 = ORIENTED_EDGE('',*,*,#1381,.T.);
#1381 = EDGE_CURVE('',#1355,#1382,#1384,.T.);
#1382 = VERTEX_POINT('',#1383);
#1383 = CARTESIAN_POINT('',(-53.,-15.,0.));
#1384 = SURFACE_CURVE('',#1385,(#1389,#1396),.PCURVE_S1.);
#1385 = LINE('',#1386,#1387);
#1386 = CARTESIAN_POINT('',(-54.5,-15.,0.));
#1387 = VECTOR('',#1388,1.);
#1388 = DIRECTION('',(-1.,-0.,0.));
#1389 = PCURVE('',#100,#1390);
#1390 = DEFINITIONAL_REPRESENTATION('',(#1391),#1395);
#1391 = LINE('',#1392,#1393);
#1392 = CARTESIAN_POINT('',(-8.5,16.));
#1393 = VECTOR('',#1394,1.);
#1394 = DIRECTION('',(-1.,0.));
#1395 = ( GEOMETRIC_REPRESENTATION_CONTEXT(2) 
PARAMETRIC_REPRESENTATION_CONTEXT() REPRESENTATION_CONTEXT('2D SPACE',''
  ) );
#1396 = PCURVE('',#1397,#1402);
#1397 = PLANE('',#1398);
#1398 = AXIS2_PLACEMENT_3D('',#1399,#1400,#1401);
#1399 = CARTESIAN_POINT('',(-53.,-15.,-1.));
#1400 = DIRECTION('',(-0.,1.,0.));
#1401 = DIRECTION('',(0.,0.,1.));
#1402 = DEFINITIONAL_REPRESENTATION('',(#1403),#1406);
#1403 = B_SPLINE_CURVE_WITH_KNOTS('',1,(#1404,#1405),.UNSPECIFIED.,.F.,
  .F.,(2,2),(-5.5,-1.5),.PIECEWISE_BEZIER_KNOTS.);
#1404 = CARTESIAN_POINT('',(1.,4.));
#1405 = CARTESIAN_POINT('',(1.,0.));
#1406 = ( GEOMETRIC_REPRESENTATION_CONTEXT(2) 
PARAMETRIC_REPRESENTATION_CONTEXT() REPRESENTATION_CONTEXT('2D SPACE',''
  ) );
#1407 = ORIENTED_EDGE('',*,*,#1408,.T.);
#1408 = EDGE_CURVE('',#1382,#1328,#1409,.T.);
#1409 = SURFACE_CURVE('',#1410,(#1414,#1421),.PCURVE_S1.);
#1410 = LINE('',#1411,#1412);
#1411 = CARTESIAN_POINT('',(-53.,-17.5,0.));
#1412 = VECTOR('',#1413,1.);
#1413 = DIRECTION('',(-0.,1.,0.));
#1414 = PCURVE('',#100,#1415);
#1415 = DEFINITIONAL_REPRESENTATION('',(#1416),#1420);
#1416 = LINE('',#1417,#1418);
#1417 = CARTESIAN_POINT('',(-7.,13.5));
#1418 = VECTOR('',#1419,1.);
#1419 = DIRECTION('',(0.,1.));
#1420 = ( GEOMETRIC_REPRESENTATION_CONTEXT(2) 
PARAMETRIC_REPRESENTATION_CONTEXT() REPRESENTATION_CONTEXT('2D SPACE',''
  ) );
#1421 = PCURVE('',#1422,#1427);
#1422 = PLANE('',#1423);
#1423 = AXIS2_PLACEMENT_3D('',#1424,#1425,#1426);
#1424 = CARTESIAN_POINT('',(-53.,-15.,-1.));
#1425 = DIRECTION('',(1.,0.,-0.));
#1426 = DIRECTION('',(0.,0.,1.));
#1427 = DEFINITIONAL_REPRESENTATION('',(#1428),#1431);
#1428 = B_SPLINE_CURVE_WITH_KNOTS('',1,(#1429,#1430),.UNSPECIFIED.,.F.,
  .F.,(2,2),(2.5,32.5),.PIECEWISE_BEZIER_KNOTS.);
#1429 = CARTESIAN_POINT('',(1.,0.));
#1430 = CARTESIAN_POINT('',(1.,-30.));
#1431 = ( GEOMETRIC_REPRESENTATION_CONTEXT(2) 
PARAMETRIC_REPRESENTATION_CONTEXT() REPRESENTATION_CONTEXT('2D SPACE',''
  ) );
#1432 = FACE_BOUND('',#1433,.F.);
#1433 = EDGE_LOOP('',(#1434));
#1434 = ORIENTED_EDGE('',*,*,#1435,.F.);
#1435 = EDGE_CURVE('',#1436,#1436,#1438,.T.);
#1436 = VERTEX_POINT('',#1437);
#1437 = CARTESIAN_POINT('',(-36.65,23.5,0.));
#1438 = SURFACE_CURVE('',#1439,(#1444,#1451),.PCURVE_S1.);
#1439 = CIRCLE('',#1440,1.35);
#1440 = AXIS2_PLACEMENT_3D('',#1441,#1442,#1443);
#1441 = CARTESIAN_POINT('',(-38.,23.5,0.));
#1442 = DIRECTION('',(0.,0.,1.));
#1443 = DIRECTION('',(1.,0.,-0.));
#1444 = PCURVE('',#100,#1445);
#1445 = DEFINITIONAL_REPRESENTATION('',(#1446),#1450);
#1446 = CIRCLE('',#1447,1.35);
#1447 = AXIS2_PLACEMENT_2D('',#1448,#1449);
#1448 = CARTESIAN_POINT('',(8.,54.5));
#1449 = DIRECTION('',(1.,0.));
#1450 = ( GEOMETRIC_REPRESENTATION_CONTEXT(2) 
PARAMETRIC_REPRESENTATION_CONTEXT() REPRESENTATION_CONTEXT('2D SPACE',''
  ) );
#1451 = PCURVE('',#1452,#1457);
#1452 = CYLINDRICAL_SURFACE('',#1453,1.35);
#1453 = AXIS2_PLACEMENT_3D('',#1454,#1455,#1456);
#1454 = CARTESIAN_POINT('',(-38.,23.5,-1.));
#1455 = DIRECTION('',(0.,0.,1.));
#1456 = DIRECTION('',(1.,0.,-0.));
#1457 = DEFINITIONAL_REPRESENTATION('',(#1458),#1462);
#1458 = LINE('',#1459,#1460);
#1459 = CARTESIAN_POINT('',(0.,1.));
#1460 = VECTOR('',#1461,1.);
#1461 = DIRECTION('',(1.,0.));
#1462 = ( GEOMETRIC_REPRESENTATION_CONTEXT(2) 
PARAMETRIC_REPRESENTATION_CONTEXT() REPRESENTATION_CONTEXT('2D SPACE',''
  ) );
#1463 = FACE_BOUND('',#1464,.F.);
#1464 = EDGE_LOOP('',(#1465,#1494,#1521,#1548));
#1465 = ORIENTED_EDGE('',*,*,#1466,.F.);
#1466 = EDGE_CURVE('',#1467,#1469,#1471,.T.);
#1467 = VERTEX_POINT('',#1468);
#1468 = CARTESIAN_POINT('',(53.,15.,0.));
#1469 = VERTEX_POINT('',#1470);
#1470 = CARTESIAN_POINT('',(49.,15.,0.));
#1471 = SURFACE_CURVE('',#1472,(#1476,#1483),.PCURVE_S1.);
#1472 = LINE('',#1473,#1474);
#1473 = CARTESIAN_POINT('',(46.5,15.,0.));
#1474 = VECTOR('',#1475,1.);
#1475 = DIRECTION('',(-1.,-0.,0.));
#1476 = PCURVE('',#100,#1477);
#1477 = DEFINITIONAL_REPRESENTATION('',(#1478),#1482);
#1478 = LINE('',#1479,#1480);
#1479 = CARTESIAN_POINT('',(92.5,46.));
#1480 = VECTOR('',#1481,1.);
#1481 = DIRECTION('',(-1.,0.));
#1482 = ( GEOMETRIC_REPRESENTATION_CONTEXT(2) 
PARAMETRIC_REPRESENTATION_CONTEXT() REPRESENTATION_CONTEXT('2D SPACE',''
  ) );
#1483 = PCURVE('',#1484,#1489);
#1484 = PLANE('',#1485);
#1485 = AXIS2_PLACEMENT_3D('',#1486,#1487,#1488);
#1486 = CARTESIAN_POINT('',(49.,15.,-1.));
#1487 = DIRECTION('',(-0.,1.,0.));
#1488 = DIRECTION('',(0.,0.,1.));
#1489 = DEFINITIONAL_REPRESENTATION('',(#1490),#1493);
#1490 = B_SPLINE_CURVE_WITH_KNOTS('',1,(#1491,#1492),.UNSPECIFIED.,.F.,
  .F.,(2,2),(-6.5,-2.5),.PIECEWISE_BEZIER_KNOTS.);
#1491 = CARTESIAN_POINT('',(1.,4.));
#1492 = CARTESIAN_POINT('',(1.,0.));
#1493 = ( GEOMETRIC_REPRESENTATION_CONTEXT(2) 
PARAMETRIC_REPRESENTATION_CONTEXT() REPRESENTATION_CONTEXT('2D SPACE',''
  ) );
#1494 = ORIENTED_EDGE('',*,*,#1495,.F.);
#1495 = EDGE_CURVE('',#1496,#1467,#1498,.T.);
#1496 = VERTEX_POINT('',#1497);
#1497 = CARTESIAN_POINT('',(53.,-15.,0.));
#1498 = SURFACE_CURVE('',#1499,(#1503,#1510),.PCURVE_S1.);
#1499 = LINE('',#1500,#1501);
#1500 = CARTESIAN_POINT('',(53.,-17.5,0.));
#1501 = VECTOR('',#1502,1.);
#1502 = DIRECTION('',(-0.,1.,0.));
#1503 = PCURVE('',#100,#1504);
#1504 = DEFINITIONAL_REPRESENTATION('',(#1505),#1509);
#1505 = LINE('',#1506,#1507);
#1506 = CARTESIAN_POINT('',(99.,13.5));
#1507 = VECTOR('',#1508,1.);
#1508 = DIRECTION('',(0.,1.));
#1509 = ( GEOMETRIC_REPRESENTATION_CONTEXT(2) 
PARAMETRIC_REPRESENTATION_CONTEXT() REPRESENTATION_CONTEXT('2D SPACE',''
  ) );
#1510 = PCURVE('',#1511,#1516);
#1511 = PLANE('',#1512);
#1512 = AXIS2_PLACEMENT_3D('',#1513,#1514,#1515);
#1513 = CARTESIAN_POINT('',(53.,-15.,-1.));
#1514 = DIRECTION('',(1.,0.,-0.));
#1515 = DIRECTION('',(0.,0.,1.));
#1516 = DEFINITIONAL_REPRESENTATION('',(#1517),#1520);
#1517 = B_SPLINE_CURVE_WITH_KNOTS('',1,(#1518,#1519),.UNSPECIFIED.,.F.,
  .F.,(2,2),(2.5,32.5),.PIECEWISE_BEZIER_KNOTS.);
#1518 = CARTESIAN_POINT('',(1.,0.));
#1519 = CARTESIAN_POINT('',(1.,-30.));
#1520 = ( GEOMETRIC_REPRESENTATION_CONTEXT(2) 
PARAMETRIC_REPRESENTATION_CONTEXT() REPRESENTATION_CONTEXT('2D SPACE',''
  ) );
#1521 = ORIENTED_EDGE('',*,*,#1522,.T.);
#1522 = EDGE_CURVE('',#1496,#1523,#1525,.T.);
#1523 = VERTEX_POINT('',#1524);
#1524 = CARTESIAN_POINT('',(49.,-15.,0.));
#1525 = SURFACE_CURVE('',#1526,(#1530,#1537),.PCURVE_S1.);
#1526 = LINE('',#1527,#1528);
#1527 = CARTESIAN_POINT('',(46.5,-15.,0.));
#1528 = VECTOR('',#1529,1.);
#1529 = DIRECTION('',(-1.,-0.,0.));
#1530 = PCURVE('',#100,#1531);
#1531 = DEFINITIONAL_REPRESENTATION('',(#1532),#1536);
#1532 = LINE('',#1533,#1534);
#1533 = CARTESIAN_POINT('',(92.5,16.));
#1534 = VECTOR('',#1535,1.);
#1535 = DIRECTION('',(-1.,0.));
#1536 = ( GEOMETRIC_REPRESENTATION_CONTEXT(2) 
PARAMETRIC_REPRESENTATION_CONTEXT() REPRESENTATION_CONTEXT('2D SPACE',''
  ) );
#1537 = PCURVE('',#1538,#1543);
#1538 = PLANE('',#1539);
#1539 = AXIS2_PLACEMENT_3D('',#1540,#1541,#1542);
#1540 = CARTESIAN_POINT('',(49.,-15.,-1.));
#1541 = DIRECTION('',(-0.,1.,0.));
#1542 = DIRECTION('',(0.,0.,1.));
#1543 = DEFINITIONAL_REPRESENTATION('',(#1544),#1547);
#1544 = B_SPLINE_CURVE_WITH_KNOTS('',1,(#1545,#1546),.UNSPECIFIED.,.F.,
  .F.,(2,2),(-6.5,-2.5),.PIECEWISE_BEZIER_KNOTS.);
#1545 = CARTESIAN_POINT('',(1.,4.));
#1546 = CARTESIAN_POINT('',(1.,0.));
#1547 = ( GEOMETRIC_REPRESENTATION_CONTEXT(2) 
PARAMETRIC_REPRESENTATION_CONTEXT() REPRESENTATION_CONTEXT('2D SPACE',''
  ) );
#1548 = ORIENTED_EDGE('',*,*,#1549,.T.);
#1549 = EDGE_CURVE('',#1523,#1469,#1550,.T.);
#1550 = SURFACE_CURVE('',#1551,(#1555,#1562),.PCURVE_S1.);
#1551 = LINE('',#1552,#1553);
#1552 = CARTESIAN_POINT('',(49.,-17.5,0.));
#1553 = VECTOR('',#1554,1.);
#1554 = DIRECTION('',(-0.,1.,0.));
#1555 = PCURVE('',#100,#1556);
#1556 = DEFINITIONAL_REPRESENTATION('',(#1557),#1561);
#1557 = LINE('',#1558,#1559);
#1558 = CARTESIAN_POINT('',(95.,13.5));
#1559 = VECTOR('',#1560,1.);
#1560 = DIRECTION('',(0.,1.));
#1561 = ( GEOMETRIC_REPRESENTATION_CONTEXT(2) 
PARAMETRIC_REPRESENTATION_CONTEXT() REPRESENTATION_CONTEXT('2D SPACE',''
  ) );
#1562 = PCURVE('',#1563,#1568);
#1563 = PLANE('',#1564);
#1564 = AXIS2_PLACEMENT_3D('',#1565,#1566,#1567);
#1565 = CARTESIAN_POINT('',(49.,-15.,-1.));
#1566 = DIRECTION('',(1.,0.,-0.));
#1567 = DIRECTION('',(0.,0.,1.));
#1568 = DEFINITIONAL_REPRESENTATION('',(#1569),#1572);
#1569 = B_SPLINE_CURVE_WITH_KNOTS('',1,(#1570,#1571),.UNSPECIFIED.,.F.,
  .F.,(2,2),(2.5,32.5),.PIECEWISE_BEZIER_KNOTS.);
#1570 = CARTESIAN_POINT('',(1.,0.));
#1571 = CARTESIAN_POINT('',(1.,-30.));
#1572 = ( GEOMETRIC_REPRESENTATION_CONTEXT(2) 
PARAMETRIC_REPRESENTATION_CONTEXT() REPRESENTATION_CONTEXT('2D SPACE',''
  ) );
#1573 = FACE_BOUND('',#1574,.F.);
#1574 = EDGE_LOOP('',(#1575));
#1575 = ORIENTED_EDGE('',*,*,#1576,.F.);
#1576 = EDGE_CURVE('',#1577,#1577,#1579,.T.);
#1577 = VERTEX_POINT('',#1578);
#1578 = CARTESIAN_POINT('',(32.2,16.,0.));
#1579 = SURFACE_CURVE('',#1580,(#1585,#1592),.PCURVE_S1.);
#1580 = CIRCLE('',#1581,2.2);
#1581 = AXIS2_PLACEMENT_3D('',#1582,#1583,#1584);
#1582 = CARTESIAN_POINT('',(30.,16.,0.));
#1583 = DIRECTION('',(0.,0.,1.));
#1584 = DIRECTION('',(1.,0.,-0.));
#1585 = PCURVE('',#100,#1586);
#1586 = DEFINITIONAL_REPRESENTATION('',(#1587),#1591);
#1587 = CIRCLE('',#1588,2.2);
#1588 = AXIS2_PLACEMENT_2D('',#1589,#1590);
#1589 = CARTESIAN_POINT('',(76.,47.));
#1590 = DIRECTION('',(1.,0.));
#1591 = ( GEOMETRIC_REPRESENTATION_CONTEXT(2) 
PARAMETRIC_REPRESENTATION_CONTEXT() REPRESENTATION_CONTEXT('2D SPACE',''
  ) );
#1592 = PCURVE('',#1593,#1598);
#1593 = CYLINDRICAL_SURFACE('',#1594,2.2);
#1594 = AXIS2_PLACEMENT_3D('',#1595,#1596,#1597);
#1595 = CARTESIAN_POINT('',(30.,16.,-1.));
#1596 = DIRECTION('',(0.,0.,1.));
#1597 = DIRECTION('',(1.,0.,-0.));
#1598 = DEFINITIONAL_REPRESENTATION('',(#1599),#1603);
#1599 = LINE('',#1600,#1601);
#1600 = CARTESIAN_POINT('',(0.,1.));
#1601 = VECTOR('',#1602,1.);
#1602 = DIRECTION('',(1.,0.));
#1603 = ( GEOMETRIC_REPRESENTATION_CONTEXT(2) 
PARAMETRIC_REPRESENTATION_CONTEXT() REPRESENTATION_CONTEXT('2D SPACE',''
  ) );
#1604 = FACE_BOUND('',#1605,.F.);
#1605 = EDGE_LOOP('',(#1606));
#1606 = ORIENTED_EDGE('',*,*,#1607,.F.);
#1607 = EDGE_CURVE('',#1608,#1608,#1610,.T.);
#1608 = VERTEX_POINT('',#1609);
#1609 = CARTESIAN_POINT('',(39.35,23.5,0.));
#1610 = SURFACE_CURVE('',#1611,(#1616,#1623),.PCURVE_S1.);
#1611 = CIRCLE('',#1612,1.35);
#1612 = AXIS2_PLACEMENT_3D('',#1613,#1614,#1615);
#1613 = CARTESIAN_POINT('',(38.,23.5,0.));
#1614 = DIRECTION('',(0.,0.,1.));
#1615 = DIRECTION('',(1.,0.,-0.));
#1616 = PCURVE('',#100,#1617);
#1617 = DEFINITIONAL_REPRESENTATION('',(#1618),#1622);
#1618 = CIRCLE('',#1619,1.35);
#1619 = AXIS2_PLACEMENT_2D('',#1620,#1621);
#1620 = CARTESIAN_POINT('',(84.,54.5));
#1621 = DIRECTION('',(1.,0.));
#1622 = ( GEOMETRIC_REPRESENTATION_CONTEXT(2) 
PARAMETRIC_REPRESENTATION_CONTEXT() REPRESENTATION_CONTEXT('2D SPACE',''
  ) );
#1623 = PCURVE('',#1624,#1629);
#1624 = CYLINDRICAL_SURFACE('',#1625,1.35);
#1625 = AXIS2_PLACEMENT_3D('',#1626,#1627,#1628);
#1626 = CARTESIAN_POINT('',(38.,23.5,-1.));
#1627 = DIRECTION('',(0.,0.,1.));
#1628 = DIRECTION('',(1.,0.,-0.));
#1629 = DEFINITIONAL_REPRESENTATION('',(#1630),#1634);
#1630 = LINE('',#1631,#1632);
#1631 = CARTESIAN_POINT('',(0.,1.));
#1632 = VECTOR('',#1633,1.);
#1633 = DIRECTION('',(1.,0.));
#1634 = ( GEOMETRIC_REPRESENTATION_CONTEXT(2) 
PARAMETRIC_REPRESENTATION_CONTEXT() REPRESENTATION_CONTEXT('2D SPACE',''
  ) );
#1635 = ADVANCED_FACE('',(#1636),#127,.F.);
#1636 = FACE_BOUND('',#1637,.F.);
#1637 = EDGE_LOOP('',(#1638,#1639,#1662,#1683));
#1638 = ORIENTED_EDGE('',*,*,#1240,.F.);
#1639 = ORIENTED_EDGE('',*,*,#1640,.T.);
#1640 = EDGE_CURVE('',#1213,#1641,#1643,.T.);
#1641 = VERTEX_POINT('',#1642);
#1642 = CARTESIAN_POINT('',(-56.,-20.,5.));
#1643 = SURFACE_CURVE('',#1644,(#1648,#1655),.PCURVE_S1.);
#1644 = LINE('',#1645,#1646);
#1645 = CARTESIAN_POINT('',(-56.,-20.,0.));
#1646 = VECTOR('',#1647,1.);
#1647 = DIRECTION('',(0.,0.,1.));
#1648 = PCURVE('',#127,#1649);
#1649 = DEFINITIONAL_REPRESENTATION('',(#1650),#1654);
#1650 = LINE('',#1651,#1652);
#1651 = CARTESIAN_POINT('',(0.,0.));
#1652 = VECTOR('',#1653,1.);
#1653 = DIRECTION('',(1.,0.));
#1654 = ( GEOMETRIC_REPRESENTATION_CONTEXT(2) 
PARAMETRIC_REPRESENTATION_CONTEXT() REPRESENTATION_CONTEXT('2D SPACE',''
  ) );
#1655 = PCURVE('',#1228,#1656);
#1656 = DEFINITIONAL_REPRESENTATION('',(#1657),#1661);
#1657 = LINE('',#1658,#1659);
#1658 = CARTESIAN_POINT('',(0.,0.));
#1659 = VECTOR('',#1660,1.);
#1660 = DIRECTION('',(1.,0.));
#1661 = ( GEOMETRIC_REPRESENTATION_CONTEXT(2) 
PARAMETRIC_REPRESENTATION_CONTEXT() REPRESENTATION_CONTEXT('2D SPACE',''
  ) );
#1662 = ORIENTED_EDGE('',*,*,#1663,.T.);
#1663 = EDGE_CURVE('',#1641,#113,#1664,.T.);
#1664 = SURFACE_CURVE('',#1665,(#1669,#1676),.PCURVE_S1.);
#1665 = LINE('',#1666,#1667);
#1666 = CARTESIAN_POINT('',(-56.,-20.,5.));
#1667 = VECTOR('',#1668,1.);
#1668 = DIRECTION('',(1.,0.,-0.));
#1669 = PCURVE('',#127,#1670);
#1670 = DEFINITIONAL_REPRESENTATION('',(#1671),#1675);
#1671 = LINE('',#1672,#1673);
#1672 = CARTESIAN_POINT('',(5.,0.));
#1673 = VECTOR('',#1674,1.);
#1674 = DIRECTION('',(0.,1.));
#1675 = ( GEOMETRIC_REPRESENTATION_CONTEXT(2) 
PARAMETRIC_REPRESENTATION_CONTEXT() REPRESENTATION_CONTEXT('2D SPACE',''
  ) );
#1676 = PCURVE('',#153,#1677);
#1677 = DEFINITIONAL_REPRESENTATION('',(#1678),#1682);
#1678 = LINE('',#1679,#1680);
#1679 = CARTESIAN_POINT('',(0.,0.));
#1680 = VECTOR('',#1681,1.);
#1681 = DIRECTION('',(1.,0.));
#1682 = ( GEOMETRIC_REPRESENTATION_CONTEXT(2) 
PARAMETRIC_REPRESENTATION_CONTEXT() REPRESENTATION_CONTEXT('2D SPACE',''
  ) );
#1683 = ORIENTED_EDGE('',*,*,#112,.F.);
#1684 = ADVANCED_FACE('',(#1685,#1733),#153,.T.);
#1685 = FACE_BOUND('',#1686,.T.);
#1686 = EDGE_LOOP('',(#1687,#1710,#1731,#1732));
#1687 = ORIENTED_EDGE('',*,*,#1688,.F.);
#1688 = EDGE_CURVE('',#1689,#139,#1691,.T.);
#1689 = VERTEX_POINT('',#1690);
#1690 = CARTESIAN_POINT('',(-56.,20.,5.));
#1691 = SURFACE_CURVE('',#1692,(#1696,#1703),.PCURVE_S1.);
#1692 = LINE('',#1693,#1694);
#1693 = CARTESIAN_POINT('',(-56.,20.,5.));
#1694 = VECTOR('',#1695,1.);
#1695 = DIRECTION('',(1.,0.,-0.));
#1696 = PCURVE('',#153,#1697);
#1697 = DEFINITIONAL_REPRESENTATION('',(#1698),#1702);
#1698 = LINE('',#1699,#1700);
#1699 = CARTESIAN_POINT('',(0.,40.));
#1700 = VECTOR('',#1701,1.);
#1701 = DIRECTION('',(1.,0.));
#1702 = ( GEOMETRIC_REPRESENTATION_CONTEXT(2) 
PARAMETRIC_REPRESENTATION_CONTEXT() REPRESENTATION_CONTEXT('2D SPACE',''
  ) );
#1703 = PCURVE('',#179,#1704);
#1704 = DEFINITIONAL_REPRESENTATION('',(#1705),#1709);
#1705 = LINE('',#1706,#1707);
#1706 = CARTESIAN_POINT('',(5.,0.));
#1707 = VECTOR('',#1708,1.);
#1708 = DIRECTION('',(0.,1.));
#1709 = ( GEOMETRIC_REPRESENTATION_CONTEXT(2) 
PARAMETRIC_REPRESENTATION_CONTEXT() REPRESENTATION_CONTEXT('2D SPACE',''
  ) );
#1710 = ORIENTED_EDGE('',*,*,#1711,.F.);
#1711 = EDGE_CURVE('',#1641,#1689,#1712,.T.);
#1712 = SURFACE_CURVE('',#1713,(#1717,#1724),.PCURVE_S1.);
#1713 = LINE('',#1714,#1715);
#1714 = CARTESIAN_POINT('',(-56.,-20.,5.));
#1715 = VECTOR('',#1716,1.);
#1716 = DIRECTION('',(-0.,1.,0.));
#1717 = PCURVE('',#153,#1718);
#1718 = DEFINITIONAL_REPRESENTATION('',(#1719),#1723);
#1719 = LINE('',#1720,#1721);
#1720 = CARTESIAN_POINT('',(0.,0.));
#1721 = VECTOR('',#1722,1.);
#1722 = DIRECTION('',(0.,1.));
#1723 = ( GEOMETRIC_REPRESENTATION_CONTEXT(2) 
PARAMETRIC_REPRESENTATION_CONTEXT() REPRESENTATION_CONTEXT('2D SPACE',''
  ) );
#1724 = PCURVE('',#1228,#1725);
#1725 = DEFINITIONAL_REPRESENTATION('',(#1726),#1730);
#1726 = LINE('',#1727,#1728);
#1727 = CARTESIAN_POINT('',(5.,0.));
#1728 = VECTOR('',#1729,1.);
#1729 = DIRECTION('',(0.,-1.));
#1730 = ( GEOMETRIC_REPRESENTATION_CONTEXT(2) 
PARAMETRIC_REPRESENTATION_CONTEXT() REPRESENTATION_CONTEXT('2D SPACE',''
  ) );
#1731 = ORIENTED_EDGE('',*,*,#1663,.T.);
#1732 = ORIENTED_EDGE('',*,*,#138,.F.);
#1733 = FACE_BOUND('',#1734,.T.);
#1734 = EDGE_LOOP('',(#1735,#1758,#1779,#1800));
#1735 = ORIENTED_EDGE('',*,*,#1736,.T.);
#1736 = EDGE_CURVE('',#1737,#1739,#1741,.T.);
#1737 = VERTEX_POINT('',#1738);
#1738 = CARTESIAN_POINT('',(-49.,-15.,5.));
#1739 = VERTEX_POINT('',#1740);
#1740 = CARTESIAN_POINT('',(-53.,-15.,5.));
#1741 = SURFACE_CURVE('',#1742,(#1746,#1752),.PCURVE_S1.);
#1742 = LINE('',#1743,#1744);
#1743 = CARTESIAN_POINT('',(-54.5,-15.,5.));
#1744 = VECTOR('',#1745,1.);
#1745 = DIRECTION('',(-1.,-0.,0.));
#1746 = PCURVE('',#153,#1747);
#1747 = DEFINITIONAL_REPRESENTATION('',(#1748),#1751);
#1748 = B_SPLINE_CURVE_WITH_KNOTS('',1,(#1749,#1750),.UNSPECIFIED.,.F.,
  .F.,(2,2),(-5.5,-1.5),.PIECEWISE_BEZIER_KNOTS.);
#1749 = CARTESIAN_POINT('',(7.,5.));
#1750 = CARTESIAN_POINT('',(3.,5.));
#1751 = ( GEOMETRIC_REPRESENTATION_CONTEXT(2) 
PARAMETRIC_REPRESENTATION_CONTEXT() REPRESENTATION_CONTEXT('2D SPACE',''
  ) );
#1752 = PCURVE('',#1397,#1753);
#1753 = DEFINITIONAL_REPRESENTATION('',(#1754),#1757);
#1754 = B_SPLINE_CURVE_WITH_KNOTS('',1,(#1755,#1756),.UNSPECIFIED.,.F.,
  .F.,(2,2),(-5.5,-1.5),.PIECEWISE_BEZIER_KNOTS.);
#1755 = CARTESIAN_POINT('',(6.,4.));
#1756 = CARTESIAN_POINT('',(6.,0.));
#1757 = ( GEOMETRIC_REPRESENTATION_CONTEXT(2) 
PARAMETRIC_REPRESENTATION_CONTEXT() REPRESENTATION_CONTEXT('2D SPACE',''
  ) );
#1758 = ORIENTED_EDGE('',*,*,#1759,.T.);
#1759 = EDGE_CURVE('',#1739,#1760,#1762,.T.);
#1760 = VERTEX_POINT('',#1761);
#1761 = CARTESIAN_POINT('',(-53.,15.,5.));
#1762 = SURFACE_CURVE('',#1763,(#1767,#1773),.PCURVE_S1.);
#1763 = LINE('',#1764,#1765);
#1764 = CARTESIAN_POINT('',(-53.,-17.5,5.));
#1765 = VECTOR('',#1766,1.);
#1766 = DIRECTION('',(-0.,1.,0.));
#1767 = PCURVE('',#153,#1768);
#1768 = DEFINITIONAL_REPRESENTATION('',(#1769),#1772);
#1769 = B_SPLINE_CURVE_WITH_KNOTS('',1,(#1770,#1771),.UNSPECIFIED.,.F.,
  .F.,(2,2),(2.5,32.5),.PIECEWISE_BEZIER_KNOTS.);
#1770 = CARTESIAN_POINT('',(3.,5.));
#1771 = CARTESIAN_POINT('',(3.,35.));
#1772 = ( GEOMETRIC_REPRESENTATION_CONTEXT(2) 
PARAMETRIC_REPRESENTATION_CONTEXT() REPRESENTATION_CONTEXT('2D SPACE',''
  ) );
#1773 = PCURVE('',#1422,#1774);
#1774 = DEFINITIONAL_REPRESENTATION('',(#1775),#1778);
#1775 = B_SPLINE_CURVE_WITH_KNOTS('',1,(#1776,#1777),.UNSPECIFIED.,.F.,
  .F.,(2,2),(2.5,32.5),.PIECEWISE_BEZIER_KNOTS.);
#1776 = CARTESIAN_POINT('',(6.,0.));
#1777 = CARTESIAN_POINT('',(6.,-30.));
#1778 = ( GEOMETRIC_REPRESENTATION_CONTEXT(2) 
PARAMETRIC_REPRESENTATION_CONTEXT() REPRESENTATION_CONTEXT('2D SPACE',''
  ) );
#1779 = ORIENTED_EDGE('',*,*,#1780,.F.);
#1780 = EDGE_CURVE('',#1781,#1760,#1783,.T.);
#1781 = VERTEX_POINT('',#1782);
#1782 = CARTESIAN_POINT('',(-49.,15.,5.));
#1783 = SURFACE_CURVE('',#1784,(#1788,#1794),.PCURVE_S1.);
#1784 = LINE('',#1785,#1786);
#1785 = CARTESIAN_POINT('',(-54.5,15.,5.));
#1786 = VECTOR('',#1787,1.);
#1787 = DIRECTION('',(-1.,-0.,0.));
#1788 = PCURVE('',#153,#1789);
#1789 = DEFINITIONAL_REPRESENTATION('',(#1790),#1793);
#1790 = B_SPLINE_CURVE_WITH_KNOTS('',1,(#1791,#1792),.UNSPECIFIED.,.F.,
  .F.,(2,2),(-5.5,-1.5),.PIECEWISE_BEZIER_KNOTS.);
#1791 = CARTESIAN_POINT('',(7.,35.));
#1792 = CARTESIAN_POINT('',(3.,35.));
#1793 = ( GEOMETRIC_REPRESENTATION_CONTEXT(2) 
PARAMETRIC_REPRESENTATION_CONTEXT() REPRESENTATION_CONTEXT('2D SPACE',''
  ) );
#1794 = PCURVE('',#1343,#1795);
#1795 = DEFINITIONAL_REPRESENTATION('',(#1796),#1799);
#1796 = B_SPLINE_CURVE_WITH_KNOTS('',1,(#1797,#1798),.UNSPECIFIED.,.F.,
  .F.,(2,2),(-5.5,-1.5),.PIECEWISE_BEZIER_KNOTS.);
#1797 = CARTESIAN_POINT('',(6.,4.));
#1798 = CARTESIAN_POINT('',(6.,0.));
#1799 = ( GEOMETRIC_REPRESENTATION_CONTEXT(2) 
PARAMETRIC_REPRESENTATION_CONTEXT() REPRESENTATION_CONTEXT('2D SPACE',''
  ) );
#1800 = ORIENTED_EDGE('',*,*,#1801,.F.);
#1801 = EDGE_CURVE('',#1737,#1781,#1802,.T.);
#1802 = SURFACE_CURVE('',#1803,(#1807,#1813),.PCURVE_S1.);
#1803 = LINE('',#1804,#1805);
#1804 = CARTESIAN_POINT('',(-49.,-17.5,5.));
#1805 = VECTOR('',#1806,1.);
#1806 = DIRECTION('',(-0.,1.,0.));
#1807 = PCURVE('',#153,#1808);
#1808 = DEFINITIONAL_REPRESENTATION('',(#1809),#1812);
#1809 = B_SPLINE_CURVE_WITH_KNOTS('',1,(#1810,#1811),.UNSPECIFIED.,.F.,
  .F.,(2,2),(2.5,32.5),.PIECEWISE_BEZIER_KNOTS.);
#1810 = CARTESIAN_POINT('',(7.,5.));
#1811 = CARTESIAN_POINT('',(7.,35.));
#1812 = ( GEOMETRIC_REPRESENTATION_CONTEXT(2) 
PARAMETRIC_REPRESENTATION_CONTEXT() REPRESENTATION_CONTEXT('2D SPACE',''
  ) );
#1813 = PCURVE('',#1370,#1814);
#1814 = DEFINITIONAL_REPRESENTATION('',(#1815),#1818);
#1815 = B_SPLINE_CURVE_WITH_KNOTS('',1,(#1816,#1817),.UNSPECIFIED.,.F.,
  .F.,(2,2),(2.5,32.5),.PIECEWISE_BEZIER_KNOTS.);
#1816 = CARTESIAN_POINT('',(6.,0.));
#1817 = CARTESIAN_POINT('',(6.,-30.));
#1818 = ( GEOMETRIC_REPRESENTATION_CONTEXT(2) 
PARAMETRIC_REPRESENTATION_CONTEXT() REPRESENTATION_CONTEXT('2D SPACE',''
  ) );
#1819 = ADVANCED_FACE('',(#1820),#179,.T.);
#1820 = FACE_BOUND('',#1821,.T.);
#1821 = EDGE_LOOP('',(#1822,#1823,#1844,#1845));
#1822 = ORIENTED_EDGE('',*,*,#1189,.F.);
#1823 = ORIENTED_EDGE('',*,*,#1824,.T.);
#1824 = EDGE_CURVE('',#1190,#1689,#1825,.T.);
#1825 = SURFACE_CURVE('',#1826,(#1830,#1837),.PCURVE_S1.);
#1826 = LINE('',#1827,#1828);
#1827 = CARTESIAN_POINT('',(-56.,20.,0.));
#1828 = VECTOR('',#1829,1.);
#1829 = DIRECTION('',(0.,0.,1.));
#1830 = PCURVE('',#179,#1831);
#1831 = DEFINITIONAL_REPRESENTATION('',(#1832),#1836);
#1832 = LINE('',#1833,#1834);
#1833 = CARTESIAN_POINT('',(0.,0.));
#1834 = VECTOR('',#1835,1.);
#1835 = DIRECTION('',(1.,0.));
#1836 = ( GEOMETRIC_REPRESENTATION_CONTEXT(2) 
PARAMETRIC_REPRESENTATION_CONTEXT() REPRESENTATION_CONTEXT('2D SPACE',''
  ) );
#1837 = PCURVE('',#1228,#1838);
#1838 = DEFINITIONAL_REPRESENTATION('',(#1839),#1843);
#1839 = LINE('',#1840,#1841);
#1840 = CARTESIAN_POINT('',(0.,-40.));
#1841 = VECTOR('',#1842,1.);
#1842 = DIRECTION('',(1.,0.));
#1843 = ( GEOMETRIC_REPRESENTATION_CONTEXT(2) 
PARAMETRIC_REPRESENTATION_CONTEXT() REPRESENTATION_CONTEXT('2D SPACE',''
  ) );
#1844 = ORIENTED_EDGE('',*,*,#1688,.T.);
#1845 = ORIENTED_EDGE('',*,*,#164,.F.);
#1846 = ADVANCED_FACE('',(#1847),#229,.T.);
#1847 = FACE_BOUND('',#1848,.F.);
#1848 = EDGE_LOOP('',(#1849,#1850,#1871,#1872));
#1849 = ORIENTED_EDGE('',*,*,#1162,.T.);
#1850 = ORIENTED_EDGE('',*,*,#1851,.T.);
#1851 = EDGE_CURVE('',#1140,#544,#1852,.T.);
#1852 = SURFACE_CURVE('',#1853,(#1857,#1864),.PCURVE_S1.);
#1853 = LINE('',#1854,#1855);
#1854 = CARTESIAN_POINT('',(-39.,31.,0.));
#1855 = VECTOR('',#1856,1.);
#1856 = DIRECTION('',(0.,0.,1.));
#1857 = PCURVE('',#229,#1858);
#1858 = DEFINITIONAL_REPRESENTATION('',(#1859),#1863);
#1859 = LINE('',#1860,#1861);
#1860 = CARTESIAN_POINT('',(-1.570796326795,0.));
#1861 = VECTOR('',#1862,1.);
#1862 = DIRECTION('',(-0.,1.));
#1863 = ( GEOMETRIC_REPRESENTATION_CONTEXT(2) 
PARAMETRIC_REPRESENTATION_CONTEXT() REPRESENTATION_CONTEXT('2D SPACE',''
  ) );
#1864 = PCURVE('',#559,#1865);
#1865 = DEFINITIONAL_REPRESENTATION('',(#1866),#1870);
#1866 = LINE('',#1867,#1868);
#1867 = CARTESIAN_POINT('',(0.,7.));
#1868 = VECTOR('',#1869,1.);
#1869 = DIRECTION('',(1.,0.));
#1870 = ( GEOMETRIC_REPRESENTATION_CONTEXT(2) 
PARAMETRIC_REPRESENTATION_CONTEXT() REPRESENTATION_CONTEXT('2D SPACE',''
  ) );
#1871 = ORIENTED_EDGE('',*,*,#571,.F.);
#1872 = ORIENTED_EDGE('',*,*,#213,.F.);
#1873 = ADVANCED_FACE('',(#1874),#279,.F.);
#1874 = FACE_BOUND('',#1875,.F.);
#1875 = EDGE_LOOP('',(#1876,#1899,#1900,#1901));
#1876 = ORIENTED_EDGE('',*,*,#1877,.F.);
#1877 = EDGE_CURVE('',#265,#1878,#1880,.T.);
#1878 = VERTEX_POINT('',#1879);
#1879 = CARTESIAN_POINT('',(-42.5,13.,11.3));
#1880 = SURFACE_CURVE('',#1881,(#1885,#1892),.PCURVE_S1.);
#1881 = LINE('',#1882,#1883);
#1882 = CARTESIAN_POINT('',(-51.25,13.,11.3));
#1883 = VECTOR('',#1884,1.);
#1884 = DIRECTION('',(1.,0.,-0.));
#1885 = PCURVE('',#279,#1886);
#1886 = DEFINITIONAL_REPRESENTATION('',(#1887),#1891);
#1887 = LINE('',#1888,#1889);
#1888 = CARTESIAN_POINT('',(0.,0.));
#1889 = VECTOR('',#1890,1.);
#1890 = DIRECTION('',(0.,1.));
#1891 = ( GEOMETRIC_REPRESENTATION_CONTEXT(2) 
PARAMETRIC_REPRESENTATION_CONTEXT() REPRESENTATION_CONTEXT('2D SPACE',''
  ) );
#1892 = PCURVE('',#305,#1893);
#1893 = DEFINITIONAL_REPRESENTATION('',(#1894),#1898);
#1894 = LINE('',#1895,#1896);
#1895 = CARTESIAN_POINT('',(0.,10.));
#1896 = VECTOR('',#1897,1.);
#1897 = DIRECTION('',(1.,0.));
#1898 = ( GEOMETRIC_REPRESENTATION_CONTEXT(2) 
PARAMETRIC_REPRESENTATION_CONTEXT() REPRESENTATION_CONTEXT('2D SPACE',''
  ) );
#1899 = ORIENTED_EDGE('',*,*,#264,.T.);
#1900 = ORIENTED_EDGE('',*,*,#598,.F.);
#1901 = ORIENTED_EDGE('',*,*,#1902,.F.);
#1902 = EDGE_CURVE('',#1878,#599,#1903,.T.);
#1903 = SURFACE_CURVE('',#1904,(#1908,#1914),.PCURVE_S1.);
#1904 = LINE('',#1905,#1906);
#1905 = CARTESIAN_POINT('',(-42.5,13.,7.15));
#1906 = VECTOR('',#1907,1.);
#1907 = DIRECTION('',(0.,0.,1.));
#1908 = PCURVE('',#279,#1909);
#1909 = DEFINITIONAL_REPRESENTATION('',(#1910),#1913);
#1910 = B_SPLINE_CURVE_WITH_KNOTS('',1,(#1911,#1912),.UNSPECIFIED.,.F.,
  .F.,(2,2),(4.15,7.85),.PIECEWISE_BEZIER_KNOTS.);
#1911 = CARTESIAN_POINT('',(0.,8.75));
#1912 = CARTESIAN_POINT('',(3.7,8.75));
#1913 = ( GEOMETRIC_REPRESENTATION_CONTEXT(2) 
PARAMETRIC_REPRESENTATION_CONTEXT() REPRESENTATION_CONTEXT('2D SPACE',''
  ) );
#1914 = PCURVE('',#634,#1915);
#1915 = DEFINITIONAL_REPRESENTATION('',(#1916),#1919);
#1916 = B_SPLINE_CURVE_WITH_KNOTS('',1,(#1917,#1918),.UNSPECIFIED.,.F.,
  .F.,(2,2),(4.15,7.85),.PIECEWISE_BEZIER_KNOTS.);
#1917 = CARTESIAN_POINT('',(8.3,-40.5));
#1918 = CARTESIAN_POINT('',(12.,-40.5));
#1919 = ( GEOMETRIC_REPRESENTATION_CONTEXT(2) 
PARAMETRIC_REPRESENTATION_CONTEXT() REPRESENTATION_CONTEXT('2D SPACE',''
  ) );
#1920 = ADVANCED_FACE('',(#1921),#305,.T.);
#1921 = FACE_BOUND('',#1922,.T.);
#1922 = EDGE_LOOP('',(#1923,#1924,#1925,#1948));
#1923 = ORIENTED_EDGE('',*,*,#1877,.F.);
#1924 = ORIENTED_EDGE('',*,*,#290,.T.);
#1925 = ORIENTED_EDGE('',*,*,#1926,.T.);
#1926 = EDGE_CURVE('',#291,#1927,#1929,.T.);
#1927 = VERTEX_POINT('',#1928);
#1928 = CARTESIAN_POINT('',(-42.5,3.,11.3));
#1929 = SURFACE_CURVE('',#1930,(#1934,#1941),.PCURVE_S1.);
#1930 = LINE('',#1931,#1932);
#1931 = CARTESIAN_POINT('',(-51.25,3.,11.3));
#1932 = VECTOR('',#1933,1.);
#1933 = DIRECTION('',(1.,0.,-0.));
#1934 = PCURVE('',#305,#1935);
#1935 = DEFINITIONAL_REPRESENTATION('',(#1936),#1940);
#1936 = LINE('',#1937,#1938);
#1937 = CARTESIAN_POINT('',(0.,0.));
#1938 = VECTOR('',#1939,1.);
#1939 = DIRECTION('',(1.,0.));
#1940 = ( GEOMETRIC_REPRESENTATION_CONTEXT(2) 
PARAMETRIC_REPRESENTATION_CONTEXT() REPRESENTATION_CONTEXT('2D SPACE',''
  ) );
#1941 = PCURVE('',#331,#1942);
#1942 = DEFINITIONAL_REPRESENTATION('',(#1943),#1947);
#1943 = LINE('',#1944,#1945);
#1944 = CARTESIAN_POINT('',(0.,0.));
#1945 = VECTOR('',#1946,1.);
#1946 = DIRECTION('',(0.,1.));
#1947 = ( GEOMETRIC_REPRESENTATION_CONTEXT(2) 
PARAMETRIC_REPRESENTATION_CONTEXT() REPRESENTATION_CONTEXT('2D SPACE',''
  ) );
#1948 = ORIENTED_EDGE('',*,*,#1949,.F.);
#1949 = EDGE_CURVE('',#1878,#1927,#1950,.T.);
#1950 = SURFACE_CURVE('',#1951,(#1955,#1961),.PCURVE_S1.);
#1951 = LINE('',#1952,#1953);
#1952 = CARTESIAN_POINT('',(-42.5,-12.25,11.3));
#1953 = VECTOR('',#1954,1.);
#1954 = DIRECTION('',(0.,-1.,0.));
#1955 = PCURVE('',#305,#1956);
#1956 = DEFINITIONAL_REPRESENTATION('',(#1957),#1960);
#1957 = B_SPLINE_CURVE_WITH_KNOTS('',1,(#1958,#1959),.UNSPECIFIED.,.F.,
  .F.,(2,2),(-25.25,-15.25),.PIECEWISE_BEZIER_KNOTS.);
#1958 = CARTESIAN_POINT('',(8.75,10.));
#1959 = CARTESIAN_POINT('',(8.75,0.));
#1960 = ( GEOMETRIC_REPRESENTATION_CONTEXT(2) 
PARAMETRIC_REPRESENTATION_CONTEXT() REPRESENTATION_CONTEXT('2D SPACE',''
  ) );
#1961 = PCURVE('',#634,#1962);
#1962 = DEFINITIONAL_REPRESENTATION('',(#1963),#1966);
#1963 = B_SPLINE_CURVE_WITH_KNOTS('',1,(#1964,#1965),.UNSPECIFIED.,.F.,
  .F.,(2,2),(-25.25,-15.25),.PIECEWISE_BEZIER_KNOTS.);
#1964 = CARTESIAN_POINT('',(8.3,-40.5));
#1965 = CARTESIAN_POINT('',(8.3,-30.5));
#1966 = ( GEOMETRIC_REPRESENTATION_CONTEXT(2) 
PARAMETRIC_REPRESENTATION_CONTEXT() REPRESENTATION_CONTEXT('2D SPACE',''
  ) );
#1967 = ADVANCED_FACE('',(#1968),#331,.T.);
#1968 = FACE_BOUND('',#1969,.T.);
#1969 = EDGE_LOOP('',(#1970,#1971,#1972,#1993));
#1970 = ORIENTED_EDGE('',*,*,#1926,.F.);
#1971 = ORIENTED_EDGE('',*,*,#316,.T.);
#1972 = ORIENTED_EDGE('',*,*,#1973,.F.);
#1973 = EDGE_CURVE('',#1974,#317,#1976,.T.);
#1974 = VERTEX_POINT('',#1975);
#1975 = CARTESIAN_POINT('',(-42.5,3.,15.));
#1976 = SURFACE_CURVE('',#1977,(#1981,#1987),.PCURVE_S1.);
#1977 = LINE('',#1978,#1979);
#1978 = CARTESIAN_POINT('',(-48.625,3.,15.));
#1979 = VECTOR('',#1980,1.);
#1980 = DIRECTION('',(-1.,-0.,0.));
#1981 = PCURVE('',#331,#1982);
#1982 = DEFINITIONAL_REPRESENTATION('',(#1983),#1986);
#1983 = B_SPLINE_CURVE_WITH_KNOTS('',1,(#1984,#1985),.UNSPECIFIED.,.F.,
  .F.,(2,2),(-7.875,-2.625),.PIECEWISE_BEZIER_KNOTS.);
#1984 = CARTESIAN_POINT('',(3.7,10.5));
#1985 = CARTESIAN_POINT('',(3.7,5.25));
#1986 = ( GEOMETRIC_REPRESENTATION_CONTEXT(2) 
PARAMETRIC_REPRESENTATION_CONTEXT() REPRESENTATION_CONTEXT('2D SPACE',''
  ) );
#1987 = PCURVE('',#358,#1988);
#1988 = DEFINITIONAL_REPRESENTATION('',(#1989),#1992);
#1989 = B_SPLINE_CURVE_WITH_KNOTS('',1,(#1990,#1991),.UNSPECIFIED.,.F.,
  .F.,(2,2),(-7.875,-2.625),.PIECEWISE_BEZIER_KNOTS.);
#1990 = CARTESIAN_POINT('',(5.25,34.));
#1991 = CARTESIAN_POINT('',(0.,34.));
#1992 = ( GEOMETRIC_REPRESENTATION_CONTEXT(2) 
PARAMETRIC_REPRESENTATION_CONTEXT() REPRESENTATION_CONTEXT('2D SPACE',''
  ) );
#1993 = ORIENTED_EDGE('',*,*,#1994,.F.);
#1994 = EDGE_CURVE('',#1927,#1974,#1995,.T.);
#1995 = SURFACE_CURVE('',#1996,(#2000,#2006),.PCURVE_S1.);
#1996 = LINE('',#1997,#1998);
#1997 = CARTESIAN_POINT('',(-42.5,3.,7.15));
#1998 = VECTOR('',#1999,1.);
#1999 = DIRECTION('',(0.,0.,1.));
#2000 = PCURVE('',#331,#2001);
#2001 = DEFINITIONAL_REPRESENTATION('',(#2002),#2005);
#2002 = B_SPLINE_CURVE_WITH_KNOTS('',1,(#2003,#2004),.UNSPECIFIED.,.F.,
  .F.,(2,2),(4.15,7.85),.PIECEWISE_BEZIER_KNOTS.);
#2003 = CARTESIAN_POINT('',(0.,8.75));
#2004 = CARTESIAN_POINT('',(3.7,8.75));
#2005 = ( GEOMETRIC_REPRESENTATION_CONTEXT(2) 
PARAMETRIC_REPRESENTATION_CONTEXT() REPRESENTATION_CONTEXT('2D SPACE',''
  ) );
#2006 = PCURVE('',#634,#2007);
#2007 = DEFINITIONAL_REPRESENTATION('',(#2008),#2011);
#2008 = B_SPLINE_CURVE_WITH_KNOTS('',1,(#2009,#2010),.UNSPECIFIED.,.F.,
  .F.,(2,2),(4.15,7.85),.PIECEWISE_BEZIER_KNOTS.);
#2009 = CARTESIAN_POINT('',(8.3,-30.5));
#2010 = CARTESIAN_POINT('',(12.,-30.5));
#2011 = ( GEOMETRIC_REPRESENTATION_CONTEXT(2) 
PARAMETRIC_REPRESENTATION_CONTEXT() REPRESENTATION_CONTEXT('2D SPACE',''
  ) );
#2012 = ADVANCED_FACE('',(#2013),#358,.T.);
#2013 = FACE_BOUND('',#2014,.T.);
#2014 = EDGE_LOOP('',(#2015,#2016,#2037,#2056));
#2015 = ORIENTED_EDGE('',*,*,#342,.F.);
#2016 = ORIENTED_EDGE('',*,*,#2017,.T.);
#2017 = EDGE_CURVE('',#343,#2018,#2020,.T.);
#2018 = VERTEX_POINT('',#2019);
#2019 = CARTESIAN_POINT('',(-42.5,-8.4387505004,15.));
#2020 = SURFACE_CURVE('',#2021,(#2025,#2031),.PCURVE_S1.);
#2021 = LINE('',#2022,#2023);
#2022 = CARTESIAN_POINT('',(-51.25,-8.4387505004,15.));
#2023 = VECTOR('',#2024,1.);
#2024 = DIRECTION('',(1.,0.,2.22044604925E-16));
#2025 = PCURVE('',#358,#2026);
#2026 = DEFINITIONAL_REPRESENTATION('',(#2027),#2030);
#2027 = B_SPLINE_CURVE_WITH_KNOTS('',1,(#2028,#2029),.UNSPECIFIED.,.F.,
  .F.,(2,2),(-5.999999999062E-07,10.5000006),.PIECEWISE_BEZIER_KNOTS.);
#2028 = CARTESIAN_POINT('',(-5.2500006,22.5612494996));
#2029 = CARTESIAN_POINT('',(5.2500006,22.5612494996));
#2030 = ( GEOMETRIC_REPRESENTATION_CONTEXT(2) 
PARAMETRIC_REPRESENTATION_CONTEXT() REPRESENTATION_CONTEXT('2D SPACE',''
  ) );
#2031 = PCURVE('',#385,#2032);
#2032 = DEFINITIONAL_REPRESENTATION('',(#2033),#2036);
#2033 = B_SPLINE_CURVE_WITH_KNOTS('',1,(#2034,#2035),.UNSPECIFIED.,.F.,
  .F.,(2,2),(5.25,8.75),.PIECEWISE_BEZIER_KNOTS.);
#2034 = CARTESIAN_POINT('',(8.529113166912,5.25));
#2035 = CARTESIAN_POINT('',(8.529113166912,8.75));
#2036 = ( GEOMETRIC_REPRESENTATION_CONTEXT(2) 
PARAMETRIC_REPRESENTATION_CONTEXT() REPRESENTATION_CONTEXT('2D SPACE',''
  ) );
#2037 = ORIENTED_EDGE('',*,*,#2038,.T.);
#2038 = EDGE_CURVE('',#2018,#1974,#2039,.T.);
#2039 = SURFACE_CURVE('',#2040,(#2044,#2050),.PCURVE_S1.);
#2040 = LINE('',#2041,#2042);
#2041 = CARTESIAN_POINT('',(-42.5,-29.25,15.));
#2042 = VECTOR('',#2043,1.);
#2043 = DIRECTION('',(-0.,1.,0.));
#2044 = PCURVE('',#358,#2045);
#2045 = DEFINITIONAL_REPRESENTATION('',(#2046),#2049);
#2046 = B_SPLINE_CURVE_WITH_KNOTS('',1,(#2047,#2048),.UNSPECIFIED.,.F.,
  .F.,(2,2),(5.25,53.25),.PIECEWISE_BEZIER_KNOTS.);
#2047 = CARTESIAN_POINT('',(3.5,7.));
#2048 = CARTESIAN_POINT('',(3.5,55.));
#2049 = ( GEOMETRIC_REPRESENTATION_CONTEXT(2) 
PARAMETRIC_REPRESENTATION_CONTEXT() REPRESENTATION_CONTEXT('2D SPACE',''
  ) );
#2050 = PCURVE('',#634,#2051);
#2051 = DEFINITIONAL_REPRESENTATION('',(#2052),#2055);
#2052 = B_SPLINE_CURVE_WITH_KNOTS('',1,(#2053,#2054),.UNSPECIFIED.,.F.,
  .F.,(2,2),(5.25,53.25),.PIECEWISE_BEZIER_KNOTS.);
#2053 = CARTESIAN_POINT('',(12.,-3.5));
#2054 = CARTESIAN_POINT('',(12.,-51.5));
#2055 = ( GEOMETRIC_REPRESENTATION_CONTEXT(2) 
PARAMETRIC_REPRESENTATION_CONTEXT() REPRESENTATION_CONTEXT('2D SPACE',''
  ) );
#2056 = ORIENTED_EDGE('',*,*,#1973,.T.);
#2057 = ADVANCED_FACE('',(#2058),#385,.F.);
#2058 = FACE_BOUND('',#2059,.F.);
#2059 = EDGE_LOOP('',(#2060,#2061,#2062,#2084));
#2060 = ORIENTED_EDGE('',*,*,#370,.T.);
#2061 = ORIENTED_EDGE('',*,*,#2017,.T.);
#2062 = ORIENTED_EDGE('',*,*,#2063,.F.);
#2063 = EDGE_CURVE('',#840,#2018,#2064,.T.);
#2064 = SURFACE_CURVE('',#2065,(#2070,#2077),.PCURVE_S1.);
#2065 = CIRCLE('',#2066,2.);
#2066 = AXIS2_PLACEMENT_3D('',#2067,#2068,#2069);
#2067 = CARTESIAN_POINT('',(-42.5,-10.,13.75));
#2068 = DIRECTION('',(1.,0.,0.));
#2069 = DIRECTION('',(0.,-0.7806247498,0.625));
#2070 = PCURVE('',#385,#2071);
#2071 = DEFINITIONAL_REPRESENTATION('',(#2072),#2076);
#2072 = LINE('',#2073,#2074);
#2073 = CARTESIAN_POINT('',(4.037257447448,8.75));
#2074 = VECTOR('',#2075,1.);
#2075 = DIRECTION('',(1.,0.));
#2076 = ( GEOMETRIC_REPRESENTATION_CONTEXT(2) 
PARAMETRIC_REPRESENTATION_CONTEXT() REPRESENTATION_CONTEXT('2D SPACE',''
  ) );
#2077 = PCURVE('',#634,#2078);
#2078 = DEFINITIONAL_REPRESENTATION('',(#2079),#2083);
#2079 = CIRCLE('',#2080,2.);
#2080 = AXIS2_PLACEMENT_2D('',#2081,#2082);
#2081 = CARTESIAN_POINT('',(10.75,-17.5));
#2082 = DIRECTION('',(0.625,0.7806247498));
#2083 = ( GEOMETRIC_REPRESENTATION_CONTEXT(2) 
PARAMETRIC_REPRESENTATION_CONTEXT() REPRESENTATION_CONTEXT('2D SPACE',''
  ) );
#2084 = ORIENTED_EDGE('',*,*,#860,.F.);
#2085 = ADVANCED_FACE('',(#2086),#634,.T.);
#2086 = FACE_BOUND('',#2087,.T.);
#2087 = EDGE_LOOP('',(#2088,#2089,#2112,#2140,#2161,#2162,#2163,#2164,
    #2165,#2166));
#2088 = ORIENTED_EDGE('',*,*,#839,.F.);
#2089 = ORIENTED_EDGE('',*,*,#2090,.F.);
#2090 = EDGE_CURVE('',#2091,#811,#2093,.T.);
#2091 = VERTEX_POINT('',#2092);
#2092 = CARTESIAN_POINT('',(-42.5,-24.,3.));
#2093 = SURFACE_CURVE('',#2094,(#2098,#2105),.PCURVE_S1.);
#2094 = LINE('',#2095,#2096);
#2095 = CARTESIAN_POINT('',(-42.5,-24.,3.));
#2096 = VECTOR('',#2097,1.);
#2097 = DIRECTION('',(0.,0.,1.));
#2098 = PCURVE('',#634,#2099);
#2099 = DEFINITIONAL_REPRESENTATION('',(#2100),#2104);
#2100 = LINE('',#2101,#2102);
#2101 = CARTESIAN_POINT('',(0.,-3.5));
#2102 = VECTOR('',#2103,1.);
#2103 = DIRECTION('',(1.,0.));
#2104 = ( GEOMETRIC_REPRESENTATION_CONTEXT(2) 
PARAMETRIC_REPRESENTATION_CONTEXT() REPRESENTATION_CONTEXT('2D SPACE',''
  ) );
#2105 = PCURVE('',#827,#2106);
#2106 = DEFINITIONAL_REPRESENTATION('',(#2107),#2111);
#2107 = LINE('',#2108,#2109);
#2108 = CARTESIAN_POINT('',(0.,0.));
#2109 = VECTOR('',#2110,1.);
#2110 = DIRECTION('',(0.,1.));
#2111 = ( GEOMETRIC_REPRESENTATION_CONTEXT(2) 
PARAMETRIC_REPRESENTATION_CONTEXT() REPRESENTATION_CONTEXT('2D SPACE',''
  ) );
#2112 = ORIENTED_EDGE('',*,*,#2113,.T.);
#2113 = EDGE_CURVE('',#2091,#2114,#2116,.T.);
#2114 = VERTEX_POINT('',#2115);
#2115 = CARTESIAN_POINT('',(-42.5,24.,3.));
#2116 = SURFACE_CURVE('',#2117,(#2121,#2128),.PCURVE_S1.);
#2117 = LINE('',#2118,#2119);
#2118 = CARTESIAN_POINT('',(-42.5,-27.5,3.));
#2119 = VECTOR('',#2120,1.);
#2120 = DIRECTION('',(-0.,1.,0.));
#2121 = PCURVE('',#634,#2122);
#2122 = DEFINITIONAL_REPRESENTATION('',(#2123),#2127);
#2123 = LINE('',#2124,#2125);
#2124 = CARTESIAN_POINT('',(0.,0.));
#2125 = VECTOR('',#2126,1.);
#2126 = DIRECTION('',(0.,-1.));
#2127 = ( GEOMETRIC_REPRESENTATION_CONTEXT(2) 
PARAMETRIC_REPRESENTATION_CONTEXT() REPRESENTATION_CONTEXT('2D SPACE',''
  ) );
#2128 = PCURVE('',#2129,#2134);
#2129 = PLANE('',#2130);
#2130 = AXIS2_PLACEMENT_3D('',#2131,#2132,#2133);
#2131 = CARTESIAN_POINT('',(-42.5,-27.5,3.));
#2132 = DIRECTION('',(0.,0.,1.));
#2133 = DIRECTION('',(1.,0.,-0.));
#2134 = DEFINITIONAL_REPRESENTATION('',(#2135),#2139);
#2135 = LINE('',#2136,#2137);
#2136 = CARTESIAN_POINT('',(0.,0.));
#2137 = VECTOR('',#2138,1.);
#2138 = DIRECTION('',(0.,1.));
#2139 = ( GEOMETRIC_REPRESENTATION_CONTEXT(2) 
PARAMETRIC_REPRESENTATION_CONTEXT() REPRESENTATION_CONTEXT('2D SPACE',''
  ) );
#2140 = ORIENTED_EDGE('',*,*,#2141,.T.);
#2141 = EDGE_CURVE('',#2114,#620,#2142,.T.);
#2142 = SURFACE_CURVE('',#2143,(#2147,#2154),.PCURVE_S1.);
#2143 = LINE('',#2144,#2145);
#2144 = CARTESIAN_POINT('',(-42.5,24.,3.));
#2145 = VECTOR('',#2146,1.);
#2146 = DIRECTION('',(0.,0.,1.));
#2147 = PCURVE('',#634,#2148);
#2148 = DEFINITIONAL_REPRESENTATION('',(#2149),#2153);
#2149 = LINE('',#2150,#2151);
#2150 = CARTESIAN_POINT('',(0.,-51.5));
#2151 = VECTOR('',#2152,1.);
#2152 = DIRECTION('',(1.,0.));
#2153 = ( GEOMETRIC_REPRESENTATION_CONTEXT(2) 
PARAMETRIC_REPRESENTATION_CONTEXT() REPRESENTATION_CONTEXT('2D SPACE',''
  ) );
#2154 = PCURVE('',#662,#2155);
#2155 = DEFINITIONAL_REPRESENTATION('',(#2156),#2160);
#2156 = LINE('',#2157,#2158);
#2157 = CARTESIAN_POINT('',(-0.,0.));
#2158 = VECTOR('',#2159,1.);
#2159 = DIRECTION('',(-0.,1.));
#2160 = ( GEOMETRIC_REPRESENTATION_CONTEXT(2) 
PARAMETRIC_REPRESENTATION_CONTEXT() REPRESENTATION_CONTEXT('2D SPACE',''
  ) );
#2161 = ORIENTED_EDGE('',*,*,#619,.F.);
#2162 = ORIENTED_EDGE('',*,*,#1902,.F.);
#2163 = ORIENTED_EDGE('',*,*,#1949,.T.);
#2164 = ORIENTED_EDGE('',*,*,#1994,.T.);
#2165 = ORIENTED_EDGE('',*,*,#2038,.F.);
#2166 = ORIENTED_EDGE('',*,*,#2063,.F.);
#2167 = ADVANCED_FACE('',(#2168),#827,.F.);
#2168 = FACE_BOUND('',#2169,.F.);
#2169 = EDGE_LOOP('',(#2170,#2171,#2195,#2216));
#2170 = ORIENTED_EDGE('',*,*,#2090,.F.);
#2171 = ORIENTED_EDGE('',*,*,#2172,.T.);
#2172 = EDGE_CURVE('',#2091,#2173,#2175,.T.);
#2173 = VERTEX_POINT('',#2174);
#2174 = CARTESIAN_POINT('',(-39.,-27.5,3.));
#2175 = SURFACE_CURVE('',#2176,(#2181,#2188),.PCURVE_S1.);
#2176 = CIRCLE('',#2177,3.5);
#2177 = AXIS2_PLACEMENT_3D('',#2178,#2179,#2180);
#2178 = CARTESIAN_POINT('',(-39.,-24.,3.));
#2179 = DIRECTION('',(0.,0.,1.));
#2180 = DIRECTION('',(0.,-1.,0.));
#2181 = PCURVE('',#827,#2182);
#2182 = DEFINITIONAL_REPRESENTATION('',(#2183),#2187);
#2183 = LINE('',#2184,#2185);
#2184 = CARTESIAN_POINT('',(-4.712388980385,0.));
#2185 = VECTOR('',#2186,1.);
#2186 = DIRECTION('',(1.,0.));
#2187 = ( GEOMETRIC_REPRESENTATION_CONTEXT(2) 
PARAMETRIC_REPRESENTATION_CONTEXT() REPRESENTATION_CONTEXT('2D SPACE',''
  ) );
#2188 = PCURVE('',#2129,#2189);
#2189 = DEFINITIONAL_REPRESENTATION('',(#2190),#2194);
#2190 = CIRCLE('',#2191,3.5);
#2191 = AXIS2_PLACEMENT_2D('',#2192,#2193);
#2192 = CARTESIAN_POINT('',(3.5,3.5));
#2193 = DIRECTION('',(0.,-1.));
#2194 = ( GEOMETRIC_REPRESENTATION_CONTEXT(2) 
PARAMETRIC_REPRESENTATION_CONTEXT() REPRESENTATION_CONTEXT('2D SPACE',''
  ) );
#2195 = ORIENTED_EDGE('',*,*,#2196,.T.);
#2196 = EDGE_CURVE('',#2173,#785,#2197,.T.);
#2197 = SURFACE_CURVE('',#2198,(#2202,#2209),.PCURVE_S1.);
#2198 = LINE('',#2199,#2200);
#2199 = CARTESIAN_POINT('',(-39.,-27.5,3.));
#2200 = VECTOR('',#2201,1.);
#2201 = DIRECTION('',(0.,0.,1.));
#2202 = PCURVE('',#827,#2203);
#2203 = DEFINITIONAL_REPRESENTATION('',(#2204),#2208);
#2204 = LINE('',#2205,#2206);
#2205 = CARTESIAN_POINT('',(1.570796326795,0.));
#2206 = VECTOR('',#2207,1.);
#2207 = DIRECTION('',(0.,1.));
#2208 = ( GEOMETRIC_REPRESENTATION_CONTEXT(2) 
PARAMETRIC_REPRESENTATION_CONTEXT() REPRESENTATION_CONTEXT('2D SPACE',''
  ) );
#2209 = PCURVE('',#799,#2210);
#2210 = DEFINITIONAL_REPRESENTATION('',(#2211),#2215);
#2211 = LINE('',#2212,#2213);
#2212 = CARTESIAN_POINT('',(0.,3.5));
#2213 = VECTOR('',#2214,1.);
#2214 = DIRECTION('',(1.,0.));
#2215 = ( GEOMETRIC_REPRESENTATION_CONTEXT(2) 
PARAMETRIC_REPRESENTATION_CONTEXT() REPRESENTATION_CONTEXT('2D SPACE',''
  ) );
#2216 = ORIENTED_EDGE('',*,*,#810,.F.);
#2217 = ADVANCED_FACE('',(#2218),#799,.T.);
#2218 = FACE_BOUND('',#2219,.T.);
#2219 = EDGE_LOOP('',(#2220,#2243,#2244,#2245));
#2220 = ORIENTED_EDGE('',*,*,#2221,.F.);
#2221 = EDGE_CURVE('',#2173,#2222,#2224,.T.);
#2222 = VERTEX_POINT('',#2223);
#2223 = CARTESIAN_POINT('',(39.,-27.5,3.));
#2224 = SURFACE_CURVE('',#2225,(#2229,#2236),.PCURVE_S1.);
#2225 = LINE('',#2226,#2227);
#2226 = CARTESIAN_POINT('',(-42.5,-27.5,3.));
#2227 = VECTOR('',#2228,1.);
#2228 = DIRECTION('',(1.,0.,-0.));
#2229 = PCURVE('',#799,#2230);
#2230 = DEFINITIONAL_REPRESENTATION('',(#2231),#2235);
#2231 = LINE('',#2232,#2233);
#2232 = CARTESIAN_POINT('',(0.,0.));
#2233 = VECTOR('',#2234,1.);
#2234 = DIRECTION('',(0.,1.));
#2235 = ( GEOMETRIC_REPRESENTATION_CONTEXT(2) 
PARAMETRIC_REPRESENTATION_CONTEXT() REPRESENTATION_CONTEXT('2D SPACE',''
  ) );
#2236 = PCURVE('',#2129,#2237);
#2237 = DEFINITIONAL_REPRESENTATION('',(#2238),#2242);
#2238 = LINE('',#2239,#2240);
#2239 = CARTESIAN_POINT('',(0.,0.));
#2240 = VECTOR('',#2241,1.);
#2241 = DIRECTION('',(1.,0.));
#2242 = ( GEOMETRIC_REPRESENTATION_CONTEXT(2) 
PARAMETRIC_REPRESENTATION_CONTEXT() REPRESENTATION_CONTEXT('2D SPACE',''
  ) );
#2243 = ORIENTED_EDGE('',*,*,#2196,.T.);
#2244 = ORIENTED_EDGE('',*,*,#784,.F.);
#2245 = ORIENTED_EDGE('',*,*,#2246,.F.);
#2246 = EDGE_CURVE('',#2222,#756,#2247,.T.);
#2247 = SURFACE_CURVE('',#2248,(#2252,#2259),.PCURVE_S1.);
#2248 = LINE('',#2249,#2250);
#2249 = CARTESIAN_POINT('',(39.,-27.5,3.));
#2250 = VECTOR('',#2251,1.);
#2251 = DIRECTION('',(0.,0.,1.));
#2252 = PCURVE('',#799,#2253);
#2253 = DEFINITIONAL_REPRESENTATION('',(#2254),#2258);
#2254 = LINE('',#2255,#2256);
#2255 = CARTESIAN_POINT('',(0.,81.5));
#2256 = VECTOR('',#2257,1.);
#2257 = DIRECTION('',(1.,0.));
#2258 = ( GEOMETRIC_REPRESENTATION_CONTEXT(2) 
PARAMETRIC_REPRESENTATION_CONTEXT() REPRESENTATION_CONTEXT('2D SPACE',''
  ) );
#2259 = PCURVE('',#772,#2260);
#2260 = DEFINITIONAL_REPRESENTATION('',(#2261),#2265);
#2261 = LINE('',#2262,#2263);
#2262 = CARTESIAN_POINT('',(-1.570796326795,0.));
#2263 = VECTOR('',#2264,1.);
#2264 = DIRECTION('',(-0.,1.));
#2265 = ( GEOMETRIC_REPRESENTATION_CONTEXT(2) 
PARAMETRIC_REPRESENTATION_CONTEXT() REPRESENTATION_CONTEXT('2D SPACE',''
  ) );
#2266 = ADVANCED_FACE('',(#2267),#772,.F.);
#2267 = FACE_BOUND('',#2268,.T.);
#2268 = EDGE_LOOP('',(#2269,#2292,#2318,#2319));
#2269 = ORIENTED_EDGE('',*,*,#2270,.F.);
#2270 = EDGE_CURVE('',#2271,#730,#2273,.T.);
#2271 = VERTEX_POINT('',#2272);
#2272 = CARTESIAN_POINT('',(42.5,-24.,3.));
#2273 = SURFACE_CURVE('',#2274,(#2278,#2285),.PCURVE_S1.);
#2274 = LINE('',#2275,#2276);
#2275 = CARTESIAN_POINT('',(42.5,-24.,3.));
#2276 = VECTOR('',#2277,1.);
#2277 = DIRECTION('',(0.,0.,1.));
#2278 = PCURVE('',#772,#2279);
#2279 = DEFINITIONAL_REPRESENTATION('',(#2280),#2284);
#2280 = LINE('',#2281,#2282);
#2281 = CARTESIAN_POINT('',(-0.,0.));
#2282 = VECTOR('',#2283,1.);
#2283 = DIRECTION('',(-0.,1.));
#2284 = ( GEOMETRIC_REPRESENTATION_CONTEXT(2) 
PARAMETRIC_REPRESENTATION_CONTEXT() REPRESENTATION_CONTEXT('2D SPACE',''
  ) );
#2285 = PCURVE('',#744,#2286);
#2286 = DEFINITIONAL_REPRESENTATION('',(#2287),#2291);
#2287 = LINE('',#2288,#2289);
#2288 = CARTESIAN_POINT('',(0.,-3.5));
#2289 = VECTOR('',#2290,1.);
#2290 = DIRECTION('',(1.,0.));
#2291 = ( GEOMETRIC_REPRESENTATION_CONTEXT(2) 
PARAMETRIC_REPRESENTATION_CONTEXT() REPRESENTATION_CONTEXT('2D SPACE',''
  ) );
#2292 = ORIENTED_EDGE('',*,*,#2293,.T.);
#2293 = EDGE_CURVE('',#2271,#2222,#2294,.T.);
#2294 = SURFACE_CURVE('',#2295,(#2300,#2307),.PCURVE_S1.);
#2295 = CIRCLE('',#2296,3.5);
#2296 = AXIS2_PLACEMENT_3D('',#2297,#2298,#2299);
#2297 = CARTESIAN_POINT('',(39.,-24.,3.));
#2298 = DIRECTION('',(-0.,-0.,-1.));
#2299 = DIRECTION('',(0.,-1.,0.));
#2300 = PCURVE('',#772,#2301);
#2301 = DEFINITIONAL_REPRESENTATION('',(#2302),#2306);
#2302 = LINE('',#2303,#2304);
#2303 = CARTESIAN_POINT('',(4.712388980385,-0.));
#2304 = VECTOR('',#2305,1.);
#2305 = DIRECTION('',(-1.,0.));
#2306 = ( GEOMETRIC_REPRESENTATION_CONTEXT(2) 
PARAMETRIC_REPRESENTATION_CONTEXT() REPRESENTATION_CONTEXT('2D SPACE',''
  ) );
#2307 = PCURVE('',#2129,#2308);
#2308 = DEFINITIONAL_REPRESENTATION('',(#2309),#2317);
#2309 = ( BOUNDED_CURVE() B_SPLINE_CURVE(2,(#2310,#2311,#2312,#2313,
#2314,#2315,#2316),.UNSPECIFIED.,.T.,.F.) B_SPLINE_CURVE_WITH_KNOTS((1,2
    ,2,2,2,1),(-2.094395102393,0.,2.094395102393,4.188790204786,
6.28318530718,8.377580409573),.UNSPECIFIED.) CURVE() 
GEOMETRIC_REPRESENTATION_ITEM() RATIONAL_B_SPLINE_CURVE((1.,0.5,1.,0.5,
1.,0.5,1.)) REPRESENTATION_ITEM('') );
#2310 = CARTESIAN_POINT('',(81.5,0.));
#2311 = CARTESIAN_POINT('',(75.437822173509,0.));
#2312 = CARTESIAN_POINT('',(78.468911086754,5.25));
#2313 = CARTESIAN_POINT('',(81.5,10.5));
#2314 = CARTESIAN_POINT('',(84.531088913246,5.25));
#2315 = CARTESIAN_POINT('',(87.562177826491,5.329070518201E-15));
#2316 = CARTESIAN_POINT('',(81.5,0.));
#2317 = ( GEOMETRIC_REPRESENTATION_CONTEXT(2) 
PARAMETRIC_REPRESENTATION_CONTEXT() REPRESENTATION_CONTEXT('2D SPACE',''
  ) );
#2318 = ORIENTED_EDGE('',*,*,#2246,.T.);
#2319 = ORIENTED_EDGE('',*,*,#755,.T.);
#2320 = ADVANCED_FACE('',(#2321),#744,.F.);
#2321 = FACE_BOUND('',#2322,.F.);
#2322 = EDGE_LOOP('',(#2323,#2324,#2325,#2348));
#2323 = ORIENTED_EDGE('',*,*,#729,.F.);
#2324 = ORIENTED_EDGE('',*,*,#2270,.F.);
#2325 = ORIENTED_EDGE('',*,*,#2326,.T.);
#2326 = EDGE_CURVE('',#2271,#2327,#2329,.T.);
#2327 = VERTEX_POINT('',#2328);
#2328 = CARTESIAN_POINT('',(42.5,24.,3.));
#2329 = SURFACE_CURVE('',#2330,(#2334,#2341),.PCURVE_S1.);
#2330 = LINE('',#2331,#2332);
#2331 = CARTESIAN_POINT('',(42.5,-27.5,3.));
#2332 = VECTOR('',#2333,1.);
#2333 = DIRECTION('',(-0.,1.,0.));
#2334 = PCURVE('',#744,#2335);
#2335 = DEFINITIONAL_REPRESENTATION('',(#2336),#2340);
#2336 = LINE('',#2337,#2338);
#2337 = CARTESIAN_POINT('',(0.,0.));
#2338 = VECTOR('',#2339,1.);
#2339 = DIRECTION('',(0.,-1.));
#2340 = ( GEOMETRIC_REPRESENTATION_CONTEXT(2) 
PARAMETRIC_REPRESENTATION_CONTEXT() REPRESENTATION_CONTEXT('2D SPACE',''
  ) );
#2341 = PCURVE('',#2129,#2342);
#2342 = DEFINITIONAL_REPRESENTATION('',(#2343),#2347);
#2343 = LINE('',#2344,#2345);
#2344 = CARTESIAN_POINT('',(85.,0.));
#2345 = VECTOR('',#2346,1.);
#2346 = DIRECTION('',(0.,1.));
#2347 = ( GEOMETRIC_REPRESENTATION_CONTEXT(2) 
PARAMETRIC_REPRESENTATION_CONTEXT() REPRESENTATION_CONTEXT('2D SPACE',''
  ) );
#2348 = ORIENTED_EDGE('',*,*,#2349,.T.);
#2349 = EDGE_CURVE('',#2327,#701,#2350,.T.);
#2350 = SURFACE_CURVE('',#2351,(#2355,#2362),.PCURVE_S1.);
#2351 = LINE('',#2352,#2353);
#2352 = CARTESIAN_POINT('',(42.5,24.,3.));
#2353 = VECTOR('',#2354,1.);
#2354 = DIRECTION('',(0.,0.,1.));
#2355 = PCURVE('',#744,#2356);
#2356 = DEFINITIONAL_REPRESENTATION('',(#2357),#2361);
#2357 = LINE('',#2358,#2359);
#2358 = CARTESIAN_POINT('',(0.,-51.5));
#2359 = VECTOR('',#2360,1.);
#2360 = DIRECTION('',(1.,0.));
#2361 = ( GEOMETRIC_REPRESENTATION_CONTEXT(2) 
PARAMETRIC_REPRESENTATION_CONTEXT() REPRESENTATION_CONTEXT('2D SPACE',''
  ) );
#2362 = PCURVE('',#717,#2363);
#2363 = DEFINITIONAL_REPRESENTATION('',(#2364),#2368);
#2364 = LINE('',#2365,#2366);
#2365 = CARTESIAN_POINT('',(0.,0.));
#2366 = VECTOR('',#2367,1.);
#2367 = DIRECTION('',(0.,1.));
#2368 = ( GEOMETRIC_REPRESENTATION_CONTEXT(2) 
PARAMETRIC_REPRESENTATION_CONTEXT() REPRESENTATION_CONTEXT('2D SPACE',''
  ) );
#2369 = ADVANCED_FACE('',(#2370),#717,.F.);
#2370 = FACE_BOUND('',#2371,.F.);
#2371 = EDGE_LOOP('',(#2372,#2373,#2397,#2418));
#2372 = ORIENTED_EDGE('',*,*,#2349,.F.);
#2373 = ORIENTED_EDGE('',*,*,#2374,.T.);
#2374 = EDGE_CURVE('',#2327,#2375,#2377,.T.);
#2375 = VERTEX_POINT('',#2376);
#2376 = CARTESIAN_POINT('',(39.,27.5,3.));
#2377 = SURFACE_CURVE('',#2378,(#2383,#2390),.PCURVE_S1.);
#2378 = CIRCLE('',#2379,3.5);
#2379 = AXIS2_PLACEMENT_3D('',#2380,#2381,#2382);
#2380 = CARTESIAN_POINT('',(39.,24.,3.));
#2381 = DIRECTION('',(0.,0.,1.));
#2382 = DIRECTION('',(0.,-1.,0.));
#2383 = PCURVE('',#717,#2384);
#2384 = DEFINITIONAL_REPRESENTATION('',(#2385),#2389);
#2385 = LINE('',#2386,#2387);
#2386 = CARTESIAN_POINT('',(-1.570796326795,0.));
#2387 = VECTOR('',#2388,1.);
#2388 = DIRECTION('',(1.,0.));
#2389 = ( GEOMETRIC_REPRESENTATION_CONTEXT(2) 
PARAMETRIC_REPRESENTATION_CONTEXT() REPRESENTATION_CONTEXT('2D SPACE',''
  ) );
#2390 = PCURVE('',#2129,#2391);
#2391 = DEFINITIONAL_REPRESENTATION('',(#2392),#2396);
#2392 = CIRCLE('',#2393,3.5);
#2393 = AXIS2_PLACEMENT_2D('',#2394,#2395);
#2394 = CARTESIAN_POINT('',(81.5,51.5));
#2395 = DIRECTION('',(0.,-1.));
#2396 = ( GEOMETRIC_REPRESENTATION_CONTEXT(2) 
PARAMETRIC_REPRESENTATION_CONTEXT() REPRESENTATION_CONTEXT('2D SPACE',''
  ) );
#2397 = ORIENTED_EDGE('',*,*,#2398,.T.);
#2398 = EDGE_CURVE('',#2375,#675,#2399,.T.);
#2399 = SURFACE_CURVE('',#2400,(#2404,#2411),.PCURVE_S1.);
#2400 = LINE('',#2401,#2402);
#2401 = CARTESIAN_POINT('',(39.,27.5,3.));
#2402 = VECTOR('',#2403,1.);
#2403 = DIRECTION('',(0.,0.,1.));
#2404 = PCURVE('',#717,#2405);
#2405 = DEFINITIONAL_REPRESENTATION('',(#2406),#2410);
#2406 = LINE('',#2407,#2408);
#2407 = CARTESIAN_POINT('',(1.570796326795,0.));
#2408 = VECTOR('',#2409,1.);
#2409 = DIRECTION('',(0.,1.));
#2410 = ( GEOMETRIC_REPRESENTATION_CONTEXT(2) 
PARAMETRIC_REPRESENTATION_CONTEXT() REPRESENTATION_CONTEXT('2D SPACE',''
  ) );
#2411 = PCURVE('',#689,#2412);
#2412 = DEFINITIONAL_REPRESENTATION('',(#2413),#2417);
#2413 = LINE('',#2414,#2415);
#2414 = CARTESIAN_POINT('',(0.,81.5));
#2415 = VECTOR('',#2416,1.);
#2416 = DIRECTION('',(1.,0.));
#2417 = ( GEOMETRIC_REPRESENTATION_CONTEXT(2) 
PARAMETRIC_REPRESENTATION_CONTEXT() REPRESENTATION_CONTEXT('2D SPACE',''
  ) );
#2418 = ORIENTED_EDGE('',*,*,#700,.F.);
#2419 = ADVANCED_FACE('',(#2420),#689,.F.);
#2420 = FACE_BOUND('',#2421,.F.);
#2421 = EDGE_LOOP('',(#2422,#2445,#2466,#2467));
#2422 = ORIENTED_EDGE('',*,*,#2423,.F.);
#2423 = EDGE_CURVE('',#2424,#2375,#2426,.T.);
#2424 = VERTEX_POINT('',#2425);
#2425 = CARTESIAN_POINT('',(-39.,27.5,3.));
#2426 = SURFACE_CURVE('',#2427,(#2431,#2438),.PCURVE_S1.);
#2427 = LINE('',#2428,#2429);
#2428 = CARTESIAN_POINT('',(-42.5,27.5,3.));
#2429 = VECTOR('',#2430,1.);
#2430 = DIRECTION('',(1.,0.,-0.));
#2431 = PCURVE('',#689,#2432);
#2432 = DEFINITIONAL_REPRESENTATION('',(#2433),#2437);
#2433 = LINE('',#2434,#2435);
#2434 = CARTESIAN_POINT('',(0.,0.));
#2435 = VECTOR('',#2436,1.);
#2436 = DIRECTION('',(0.,1.));
#2437 = ( GEOMETRIC_REPRESENTATION_CONTEXT(2) 
PARAMETRIC_REPRESENTATION_CONTEXT() REPRESENTATION_CONTEXT('2D SPACE',''
  ) );
#2438 = PCURVE('',#2129,#2439);
#2439 = DEFINITIONAL_REPRESENTATION('',(#2440),#2444);
#2440 = LINE('',#2441,#2442);
#2441 = CARTESIAN_POINT('',(0.,55.));
#2442 = VECTOR('',#2443,1.);
#2443 = DIRECTION('',(1.,0.));
#2444 = ( GEOMETRIC_REPRESENTATION_CONTEXT(2) 
PARAMETRIC_REPRESENTATION_CONTEXT() REPRESENTATION_CONTEXT('2D SPACE',''
  ) );
#2445 = ORIENTED_EDGE('',*,*,#2446,.T.);
#2446 = EDGE_CURVE('',#2424,#646,#2447,.T.);
#2447 = SURFACE_CURVE('',#2448,(#2452,#2459),.PCURVE_S1.);
#2448 = LINE('',#2449,#2450);
#2449 = CARTESIAN_POINT('',(-39.,27.5,3.));
#2450 = VECTOR('',#2451,1.);
#2451 = DIRECTION('',(0.,0.,1.));
#2452 = PCURVE('',#689,#2453);
#2453 = DEFINITIONAL_REPRESENTATION('',(#2454),#2458);
#2454 = LINE('',#2455,#2456);
#2455 = CARTESIAN_POINT('',(0.,3.5));
#2456 = VECTOR('',#2457,1.);
#2457 = DIRECTION('',(1.,0.));
#2458 = ( GEOMETRIC_REPRESENTATION_CONTEXT(2) 
PARAMETRIC_REPRESENTATION_CONTEXT() REPRESENTATION_CONTEXT('2D SPACE',''
  ) );
#2459 = PCURVE('',#662,#2460);
#2460 = DEFINITIONAL_REPRESENTATION('',(#2461),#2465);
#2461 = LINE('',#2462,#2463);
#2462 = CARTESIAN_POINT('',(-1.570796326795,0.));
#2463 = VECTOR('',#2464,1.);
#2464 = DIRECTION('',(-0.,1.));
#2465 = ( GEOMETRIC_REPRESENTATION_CONTEXT(2) 
PARAMETRIC_REPRESENTATION_CONTEXT() REPRESENTATION_CONTEXT('2D SPACE',''
  ) );
#2466 = ORIENTED_EDGE('',*,*,#674,.F.);
#2467 = ORIENTED_EDGE('',*,*,#2398,.F.);
#2468 = ADVANCED_FACE('',(#2469),#662,.F.);
#2469 = FACE_BOUND('',#2470,.T.);
#2470 = EDGE_LOOP('',(#2471,#2472,#2498,#2499));
#2471 = ORIENTED_EDGE('',*,*,#2141,.F.);
#2472 = ORIENTED_EDGE('',*,*,#2473,.T.);
#2473 = EDGE_CURVE('',#2114,#2424,#2474,.T.);
#2474 = SURFACE_CURVE('',#2475,(#2480,#2487),.PCURVE_S1.);
#2475 = CIRCLE('',#2476,3.5);
#2476 = AXIS2_PLACEMENT_3D('',#2477,#2478,#2479);
#2477 = CARTESIAN_POINT('',(-39.,24.,3.));
#2478 = DIRECTION('',(-0.,-0.,-1.));
#2479 = DIRECTION('',(0.,-1.,0.));
#2480 = PCURVE('',#662,#2481);
#2481 = DEFINITIONAL_REPRESENTATION('',(#2482),#2486);
#2482 = LINE('',#2483,#2484);
#2483 = CARTESIAN_POINT('',(1.570796326795,-0.));
#2484 = VECTOR('',#2485,1.);
#2485 = DIRECTION('',(-1.,0.));
#2486 = ( GEOMETRIC_REPRESENTATION_CONTEXT(2) 
PARAMETRIC_REPRESENTATION_CONTEXT() REPRESENTATION_CONTEXT('2D SPACE',''
  ) );
#2487 = PCURVE('',#2129,#2488);
#2488 = DEFINITIONAL_REPRESENTATION('',(#2489),#2497);
#2489 = ( BOUNDED_CURVE() B_SPLINE_CURVE(2,(#2490,#2491,#2492,#2493,
#2494,#2495,#2496),.UNSPECIFIED.,.T.,.F.) B_SPLINE_CURVE_WITH_KNOTS((1,2
    ,2,2,2,1),(-2.094395102393,0.,2.094395102393,4.188790204786,
6.28318530718,8.377580409573),.UNSPECIFIED.) CURVE() 
GEOMETRIC_REPRESENTATION_ITEM() RATIONAL_B_SPLINE_CURVE((1.,0.5,1.,0.5,
1.,0.5,1.)) REPRESENTATION_ITEM('') );
#2490 = CARTESIAN_POINT('',(3.5,48.));
#2491 = CARTESIAN_POINT('',(-2.562177826491,48.));
#2492 = CARTESIAN_POINT('',(0.468911086754,53.25));
#2493 = CARTESIAN_POINT('',(3.5,58.5));
#2494 = CARTESIAN_POINT('',(6.531088913246,53.25));
#2495 = CARTESIAN_POINT('',(9.562177826491,48.));
#2496 = CARTESIAN_POINT('',(3.5,48.));
#2497 = ( GEOMETRIC_REPRESENTATION_CONTEXT(2) 
PARAMETRIC_REPRESENTATION_CONTEXT() REPRESENTATION_CONTEXT('2D SPACE',''
  ) );
#2498 = ORIENTED_EDGE('',*,*,#2446,.T.);
#2499 = ORIENTED_EDGE('',*,*,#645,.T.);
#2500 = ADVANCED_FACE('',(#2501),#559,.T.);
#2501 = FACE_BOUND('',#2502,.T.);
#2502 = EDGE_LOOP('',(#2503,#2504,#2505,#2506));
#2503 = ORIENTED_EDGE('',*,*,#1139,.F.);
#2504 = ORIENTED_EDGE('',*,*,#1851,.T.);
#2505 = ORIENTED_EDGE('',*,*,#543,.T.);
#2506 = ORIENTED_EDGE('',*,*,#2507,.F.);
#2507 = EDGE_CURVE('',#1116,#515,#2508,.T.);
#2508 = SURFACE_CURVE('',#2509,(#2513,#2520),.PCURVE_S1.);
#2509 = LINE('',#2510,#2511);
#2510 = CARTESIAN_POINT('',(39.,31.,0.));
#2511 = VECTOR('',#2512,1.);
#2512 = DIRECTION('',(0.,0.,1.));
#2513 = PCURVE('',#559,#2514);
#2514 = DEFINITIONAL_REPRESENTATION('',(#2515),#2519);
#2515 = LINE('',#2516,#2517);
#2516 = CARTESIAN_POINT('',(0.,85.));
#2517 = VECTOR('',#2518,1.);
#2518 = DIRECTION('',(1.,0.));
#2519 = ( GEOMETRIC_REPRESENTATION_CONTEXT(2) 
PARAMETRIC_REPRESENTATION_CONTEXT() REPRESENTATION_CONTEXT('2D SPACE',''
  ) );
#2520 = PCURVE('',#531,#2521);
#2521 = DEFINITIONAL_REPRESENTATION('',(#2522),#2526);
#2522 = LINE('',#2523,#2524);
#2523 = CARTESIAN_POINT('',(1.570796326795,0.));
#2524 = VECTOR('',#2525,1.);
#2525 = DIRECTION('',(0.,1.));
#2526 = ( GEOMETRIC_REPRESENTATION_CONTEXT(2) 
PARAMETRIC_REPRESENTATION_CONTEXT() REPRESENTATION_CONTEXT('2D SPACE',''
  ) );
#2527 = ADVANCED_FACE('',(#2528),#531,.T.);
#2528 = FACE_BOUND('',#2529,.T.);
#2529 = EDGE_LOOP('',(#2530,#2531,#2532,#2533));
#2530 = ORIENTED_EDGE('',*,*,#1115,.T.);
#2531 = ORIENTED_EDGE('',*,*,#2507,.T.);
#2532 = ORIENTED_EDGE('',*,*,#514,.F.);
#2533 = ORIENTED_EDGE('',*,*,#2534,.F.);
#2534 = EDGE_CURVE('',#1093,#487,#2535,.T.);
#2535 = SURFACE_CURVE('',#2536,(#2540,#2547),.PCURVE_S1.);
#2536 = LINE('',#2537,#2538);
#2537 = CARTESIAN_POINT('',(46.,24.,0.));
#2538 = VECTOR('',#2539,1.);
#2539 = DIRECTION('',(0.,0.,1.));
#2540 = PCURVE('',#531,#2541);
#2541 = DEFINITIONAL_REPRESENTATION('',(#2542),#2546);
#2542 = LINE('',#2543,#2544);
#2543 = CARTESIAN_POINT('',(0.,0.));
#2544 = VECTOR('',#2545,1.);
#2545 = DIRECTION('',(0.,1.));
#2546 = ( GEOMETRIC_REPRESENTATION_CONTEXT(2) 
PARAMETRIC_REPRESENTATION_CONTEXT() REPRESENTATION_CONTEXT('2D SPACE',''
  ) );
#2547 = PCURVE('',#502,#2548);
#2548 = DEFINITIONAL_REPRESENTATION('',(#2549),#2553);
#2549 = LINE('',#2550,#2551);
#2550 = CARTESIAN_POINT('',(0.,-55.));
#2551 = VECTOR('',#2552,1.);
#2552 = DIRECTION('',(1.,0.));
#2553 = ( GEOMETRIC_REPRESENTATION_CONTEXT(2) 
PARAMETRIC_REPRESENTATION_CONTEXT() REPRESENTATION_CONTEXT('2D SPACE',''
  ) );
#2554 = ADVANCED_FACE('',(#2555),#502,.T.);
#2555 = FACE_BOUND('',#2556,.T.);
#2556 = EDGE_LOOP('',(#2557,#2558,#2579,#2580,#2601,#2627,#2646,#2647));
#2557 = ORIENTED_EDGE('',*,*,#486,.F.);
#2558 = ORIENTED_EDGE('',*,*,#2559,.F.);
#2559 = EDGE_CURVE('',#958,#454,#2560,.T.);
#2560 = SURFACE_CURVE('',#2561,(#2565,#2572),.PCURVE_S1.);
#2561 = LINE('',#2562,#2563);
#2562 = CARTESIAN_POINT('',(46.,-24.,0.));
#2563 = VECTOR('',#2564,1.);
#2564 = DIRECTION('',(0.,0.,1.));
#2565 = PCURVE('',#502,#2566);
#2566 = DEFINITIONAL_REPRESENTATION('',(#2567),#2571);
#2567 = LINE('',#2568,#2569);
#2568 = CARTESIAN_POINT('',(0.,-7.));
#2569 = VECTOR('',#2570,1.);
#2570 = DIRECTION('',(1.,0.));
#2571 = ( GEOMETRIC_REPRESENTATION_CONTEXT(2) 
PARAMETRIC_REPRESENTATION_CONTEXT() REPRESENTATION_CONTEXT('2D SPACE',''
  ) );
#2572 = PCURVE('',#474,#2573);
#2573 = DEFINITIONAL_REPRESENTATION('',(#2574),#2578);
#2574 = LINE('',#2575,#2576);
#2575 = CARTESIAN_POINT('',(-0.,0.));
#2576 = VECTOR('',#2577,1.);
#2577 = DIRECTION('',(-0.,1.));
#2578 = ( GEOMETRIC_REPRESENTATION_CONTEXT(2) 
PARAMETRIC_REPRESENTATION_CONTEXT() REPRESENTATION_CONTEXT('2D SPACE',''
  ) );
#2579 = ORIENTED_EDGE('',*,*,#985,.T.);
#2580 = ORIENTED_EDGE('',*,*,#2581,.T.);
#2581 = EDGE_CURVE('',#986,#2582,#2584,.T.);
#2582 = VERTEX_POINT('',#2583);
#2583 = CARTESIAN_POINT('',(46.,-20.,5.));
#2584 = SURFACE_CURVE('',#2585,(#2589,#2595),.PCURVE_S1.);
#2585 = LINE('',#2586,#2587);
#2586 = CARTESIAN_POINT('',(46.,-20.,0.));
#2587 = VECTOR('',#2588,1.);
#2588 = DIRECTION('',(0.,0.,1.));
#2589 = PCURVE('',#502,#2590);
#2590 = DEFINITIONAL_REPRESENTATION('',(#2591),#2594);
#2591 = B_SPLINE_CURVE_WITH_KNOTS('',1,(#2592,#2593),.UNSPECIFIED.,.F.,
  .F.,(2,2),(0.,5.),.PIECEWISE_BEZIER_KNOTS.);
#2592 = CARTESIAN_POINT('',(0.,-11.));
#2593 = CARTESIAN_POINT('',(5.,-11.));
#2594 = ( GEOMETRIC_REPRESENTATION_CONTEXT(2) 
PARAMETRIC_REPRESENTATION_CONTEXT() REPRESENTATION_CONTEXT('2D SPACE',''
  ) );
#2595 = PCURVE('',#1024,#2596);
#2596 = DEFINITIONAL_REPRESENTATION('',(#2597),#2600);
#2597 = B_SPLINE_CURVE_WITH_KNOTS('',1,(#2598,#2599),.UNSPECIFIED.,.F.,
  .F.,(2,2),(0.,5.),.PIECEWISE_BEZIER_KNOTS.);
#2598 = CARTESIAN_POINT('',(0.,2.));
#2599 = CARTESIAN_POINT('',(5.,2.));
#2600 = ( GEOMETRIC_REPRESENTATION_CONTEXT(2) 
PARAMETRIC_REPRESENTATION_CONTEXT() REPRESENTATION_CONTEXT('2D SPACE',''
  ) );
#2601 = ORIENTED_EDGE('',*,*,#2602,.F.);
#2602 = EDGE_CURVE('',#2603,#2582,#2605,.T.);
#2603 = VERTEX_POINT('',#2604);
#2604 = CARTESIAN_POINT('',(46.,20.,5.));
#2605 = SURFACE_CURVE('',#2606,(#2610,#2616),.PCURVE_S1.);
#2606 = LINE('',#2607,#2608);
#2607 = CARTESIAN_POINT('',(46.,-25.5,5.));
#2608 = VECTOR('',#2609,1.);
#2609 = DIRECTION('',(0.,-1.,0.));
#2610 = PCURVE('',#502,#2611);
#2611 = DEFINITIONAL_REPRESENTATION('',(#2612),#2615);
#2612 = B_SPLINE_CURVE_WITH_KNOTS('',1,(#2613,#2614),.UNSPECIFIED.,.F.,
  .F.,(2,2),(-45.5,-5.5),.PIECEWISE_BEZIER_KNOTS.);
#2613 = CARTESIAN_POINT('',(5.,-51.));
#2614 = CARTESIAN_POINT('',(5.,-11.));
#2615 = ( GEOMETRIC_REPRESENTATION_CONTEXT(2) 
PARAMETRIC_REPRESENTATION_CONTEXT() REPRESENTATION_CONTEXT('2D SPACE',''
  ) );
#2616 = PCURVE('',#2617,#2622);
#2617 = PLANE('',#2618);
#2618 = AXIS2_PLACEMENT_3D('',#2619,#2620,#2621);
#2619 = CARTESIAN_POINT('',(44.,-20.,5.));
#2620 = DIRECTION('',(0.,0.,1.));
#2621 = DIRECTION('',(1.,0.,-0.));
#2622 = DEFINITIONAL_REPRESENTATION('',(#2623),#2626);
#2623 = B_SPLINE_CURVE_WITH_KNOTS('',1,(#2624,#2625),.UNSPECIFIED.,.F.,
  .F.,(2,2),(-45.5,-5.5),.PIECEWISE_BEZIER_KNOTS.);
#2624 = CARTESIAN_POINT('',(2.,40.));
#2625 = CARTESIAN_POINT('',(2.,0.));
#2626 = ( GEOMETRIC_REPRESENTATION_CONTEXT(2) 
PARAMETRIC_REPRESENTATION_CONTEXT() REPRESENTATION_CONTEXT('2D SPACE',''
  ) );
#2627 = ORIENTED_EDGE('',*,*,#2628,.F.);
#2628 = EDGE_CURVE('',#1065,#2603,#2629,.T.);
#2629 = SURFACE_CURVE('',#2630,(#2634,#2640),.PCURVE_S1.);
#2630 = LINE('',#2631,#2632);
#2631 = CARTESIAN_POINT('',(46.,20.,0.));
#2632 = VECTOR('',#2633,1.);
#2633 = DIRECTION('',(0.,0.,1.));
#2634 = PCURVE('',#502,#2635);
#2635 = DEFINITIONAL_REPRESENTATION('',(#2636),#2639);
#2636 = B_SPLINE_CURVE_WITH_KNOTS('',1,(#2637,#2638),.UNSPECIFIED.,.F.,
  .F.,(2,2),(0.,5.),.PIECEWISE_BEZIER_KNOTS.);
#2637 = CARTESIAN_POINT('',(0.,-51.));
#2638 = CARTESIAN_POINT('',(5.,-51.));
#2639 = ( GEOMETRIC_REPRESENTATION_CONTEXT(2) 
PARAMETRIC_REPRESENTATION_CONTEXT() REPRESENTATION_CONTEXT('2D SPACE',''
  ) );
#2640 = PCURVE('',#1080,#2641);
#2641 = DEFINITIONAL_REPRESENTATION('',(#2642),#2645);
#2642 = B_SPLINE_CURVE_WITH_KNOTS('',1,(#2643,#2644),.UNSPECIFIED.,.F.,
  .F.,(2,2),(0.,5.),.PIECEWISE_BEZIER_KNOTS.);
#2643 = CARTESIAN_POINT('',(0.,2.));
#2644 = CARTESIAN_POINT('',(5.,2.));
#2645 = ( GEOMETRIC_REPRESENTATION_CONTEXT(2) 
PARAMETRIC_REPRESENTATION_CONTEXT() REPRESENTATION_CONTEXT('2D SPACE',''
  ) );
#2646 = ORIENTED_EDGE('',*,*,#1092,.T.);
#2647 = ORIENTED_EDGE('',*,*,#2534,.T.);
#2648 = ADVANCED_FACE('',(#2649),#474,.T.);
#2649 = FACE_BOUND('',#2650,.F.);
#2650 = EDGE_LOOP('',(#2651,#2652,#2673,#2674));
#2651 = ORIENTED_EDGE('',*,*,#957,.T.);
#2652 = ORIENTED_EDGE('',*,*,#2653,.T.);
#2653 = EDGE_CURVE('',#935,#426,#2654,.T.);
#2654 = SURFACE_CURVE('',#2655,(#2659,#2666),.PCURVE_S1.);
#2655 = LINE('',#2656,#2657);
#2656 = CARTESIAN_POINT('',(39.,-31.,0.));
#2657 = VECTOR('',#2658,1.);
#2658 = DIRECTION('',(0.,0.,1.));
#2659 = PCURVE('',#474,#2660);
#2660 = DEFINITIONAL_REPRESENTATION('',(#2661),#2665);
#2661 = LINE('',#2662,#2663);
#2662 = CARTESIAN_POINT('',(-1.570796326795,0.));
#2663 = VECTOR('',#2664,1.);
#2664 = DIRECTION('',(-0.,1.));
#2665 = ( GEOMETRIC_REPRESENTATION_CONTEXT(2) 
PARAMETRIC_REPRESENTATION_CONTEXT() REPRESENTATION_CONTEXT('2D SPACE',''
  ) );
#2666 = PCURVE('',#441,#2667);
#2667 = DEFINITIONAL_REPRESENTATION('',(#2668),#2672);
#2668 = LINE('',#2669,#2670);
#2669 = CARTESIAN_POINT('',(0.,85.));
#2670 = VECTOR('',#2671,1.);
#2671 = DIRECTION('',(1.,0.));
#2672 = ( GEOMETRIC_REPRESENTATION_CONTEXT(2) 
PARAMETRIC_REPRESENTATION_CONTEXT() REPRESENTATION_CONTEXT('2D SPACE',''
  ) );
#2673 = ORIENTED_EDGE('',*,*,#453,.F.);
#2674 = ORIENTED_EDGE('',*,*,#2559,.F.);
#2675 = ADVANCED_FACE('',(#2676),#441,.F.);
#2676 = FACE_BOUND('',#2677,.F.);
#2677 = EDGE_LOOP('',(#2678,#2679,#2680,#2681));
#2678 = ORIENTED_EDGE('',*,*,#934,.F.);
#2679 = ORIENTED_EDGE('',*,*,#906,.T.);
#2680 = ORIENTED_EDGE('',*,*,#425,.T.);
#2681 = ORIENTED_EDGE('',*,*,#2653,.F.);
#2682 = ADVANCED_FACE('',(#2683),#1228,.F.);
#2683 = FACE_BOUND('',#2684,.F.);
#2684 = EDGE_LOOP('',(#2685,#2686,#2687,#2688));
#2685 = ORIENTED_EDGE('',*,*,#1640,.F.);
#2686 = ORIENTED_EDGE('',*,*,#1212,.T.);
#2687 = ORIENTED_EDGE('',*,*,#1824,.T.);
#2688 = ORIENTED_EDGE('',*,*,#1711,.F.);
#2689 = ADVANCED_FACE('',(#2690),#1024,.F.);
#2690 = FACE_BOUND('',#2691,.F.);
#2691 = EDGE_LOOP('',(#2692,#2693,#2694,#2717));
#2692 = ORIENTED_EDGE('',*,*,#1008,.F.);
#2693 = ORIENTED_EDGE('',*,*,#2581,.T.);
#2694 = ORIENTED_EDGE('',*,*,#2695,.T.);
#2695 = EDGE_CURVE('',#2582,#2696,#2698,.T.);
#2696 = VERTEX_POINT('',#2697);
#2697 = CARTESIAN_POINT('',(56.,-20.,5.));
#2698 = SURFACE_CURVE('',#2699,(#2703,#2710),.PCURVE_S1.);
#2699 = LINE('',#2700,#2701);
#2700 = CARTESIAN_POINT('',(44.,-20.,5.));
#2701 = VECTOR('',#2702,1.);
#2702 = DIRECTION('',(1.,0.,-0.));
#2703 = PCURVE('',#1024,#2704);
#2704 = DEFINITIONAL_REPRESENTATION('',(#2705),#2709);
#2705 = LINE('',#2706,#2707);
#2706 = CARTESIAN_POINT('',(5.,0.));
#2707 = VECTOR('',#2708,1.);
#2708 = DIRECTION('',(0.,1.));
#2709 = ( GEOMETRIC_REPRESENTATION_CONTEXT(2) 
PARAMETRIC_REPRESENTATION_CONTEXT() REPRESENTATION_CONTEXT('2D SPACE',''
  ) );
#2710 = PCURVE('',#2617,#2711);
#2711 = DEFINITIONAL_REPRESENTATION('',(#2712),#2716);
#2712 = LINE('',#2713,#2714);
#2713 = CARTESIAN_POINT('',(0.,0.));
#2714 = VECTOR('',#2715,1.);
#2715 = DIRECTION('',(1.,0.));
#2716 = ( GEOMETRIC_REPRESENTATION_CONTEXT(2) 
PARAMETRIC_REPRESENTATION_CONTEXT() REPRESENTATION_CONTEXT('2D SPACE',''
  ) );
#2717 = ORIENTED_EDGE('',*,*,#2718,.F.);
#2718 = EDGE_CURVE('',#1009,#2696,#2719,.T.);
#2719 = SURFACE_CURVE('',#2720,(#2724,#2731),.PCURVE_S1.);
#2720 = LINE('',#2721,#2722);
#2721 = CARTESIAN_POINT('',(56.,-20.,0.));
#2722 = VECTOR('',#2723,1.);
#2723 = DIRECTION('',(0.,0.,1.));
#2724 = PCURVE('',#1024,#2725);
#2725 = DEFINITIONAL_REPRESENTATION('',(#2726),#2730);
#2726 = LINE('',#2727,#2728);
#2727 = CARTESIAN_POINT('',(0.,12.));
#2728 = VECTOR('',#2729,1.);
#2729 = DIRECTION('',(1.,0.));
#2730 = ( GEOMETRIC_REPRESENTATION_CONTEXT(2) 
PARAMETRIC_REPRESENTATION_CONTEXT() REPRESENTATION_CONTEXT('2D SPACE',''
  ) );
#2731 = PCURVE('',#1052,#2732);
#2732 = DEFINITIONAL_REPRESENTATION('',(#2733),#2737);
#2733 = LINE('',#2734,#2735);
#2734 = CARTESIAN_POINT('',(0.,0.));
#2735 = VECTOR('',#2736,1.);
#2736 = DIRECTION('',(1.,0.));
#2737 = ( GEOMETRIC_REPRESENTATION_CONTEXT(2) 
PARAMETRIC_REPRESENTATION_CONTEXT() REPRESENTATION_CONTEXT('2D SPACE',''
  ) );
#2738 = ADVANCED_FACE('',(#2739),#1052,.T.);
#2739 = FACE_BOUND('',#2740,.T.);
#2740 = EDGE_LOOP('',(#2741,#2742,#2743,#2766));
#2741 = ORIENTED_EDGE('',*,*,#2718,.F.);
#2742 = ORIENTED_EDGE('',*,*,#1036,.T.);
#2743 = ORIENTED_EDGE('',*,*,#2744,.T.);
#2744 = EDGE_CURVE('',#1037,#2745,#2747,.T.);
#2745 = VERTEX_POINT('',#2746);
#2746 = CARTESIAN_POINT('',(56.,20.,5.));
#2747 = SURFACE_CURVE('',#2748,(#2752,#2759),.PCURVE_S1.);
#2748 = LINE('',#2749,#2750);
#2749 = CARTESIAN_POINT('',(56.,20.,0.));
#2750 = VECTOR('',#2751,1.);
#2751 = DIRECTION('',(0.,0.,1.));
#2752 = PCURVE('',#1052,#2753);
#2753 = DEFINITIONAL_REPRESENTATION('',(#2754),#2758);
#2754 = LINE('',#2755,#2756);
#2755 = CARTESIAN_POINT('',(0.,-40.));
#2756 = VECTOR('',#2757,1.);
#2757 = DIRECTION('',(1.,0.));
#2758 = ( GEOMETRIC_REPRESENTATION_CONTEXT(2) 
PARAMETRIC_REPRESENTATION_CONTEXT() REPRESENTATION_CONTEXT('2D SPACE',''
  ) );
#2759 = PCURVE('',#1080,#2760);
#2760 = DEFINITIONAL_REPRESENTATION('',(#2761),#2765);
#2761 = LINE('',#2762,#2763);
#2762 = CARTESIAN_POINT('',(0.,12.));
#2763 = VECTOR('',#2764,1.);
#2764 = DIRECTION('',(1.,0.));
#2765 = ( GEOMETRIC_REPRESENTATION_CONTEXT(2) 
PARAMETRIC_REPRESENTATION_CONTEXT() REPRESENTATION_CONTEXT('2D SPACE',''
  ) );
#2766 = ORIENTED_EDGE('',*,*,#2767,.F.);
#2767 = EDGE_CURVE('',#2696,#2745,#2768,.T.);
#2768 = SURFACE_CURVE('',#2769,(#2773,#2780),.PCURVE_S1.);
#2769 = LINE('',#2770,#2771);
#2770 = CARTESIAN_POINT('',(56.,-20.,5.));
#2771 = VECTOR('',#2772,1.);
#2772 = DIRECTION('',(-0.,1.,0.));
#2773 = PCURVE('',#1052,#2774);
#2774 = DEFINITIONAL_REPRESENTATION('',(#2775),#2779);
#2775 = LINE('',#2776,#2777);
#2776 = CARTESIAN_POINT('',(5.,0.));
#2777 = VECTOR('',#2778,1.);
#2778 = DIRECTION('',(0.,-1.));
#2779 = ( GEOMETRIC_REPRESENTATION_CONTEXT(2) 
PARAMETRIC_REPRESENTATION_CONTEXT() REPRESENTATION_CONTEXT('2D SPACE',''
  ) );
#2780 = PCURVE('',#2617,#2781);
#2781 = DEFINITIONAL_REPRESENTATION('',(#2782),#2786);
#2782 = LINE('',#2783,#2784);
#2783 = CARTESIAN_POINT('',(12.,0.));
#2784 = VECTOR('',#2785,1.);
#2785 = DIRECTION('',(0.,1.));
#2786 = ( GEOMETRIC_REPRESENTATION_CONTEXT(2) 
PARAMETRIC_REPRESENTATION_CONTEXT() REPRESENTATION_CONTEXT('2D SPACE',''
  ) );
#2787 = ADVANCED_FACE('',(#2788),#1080,.T.);
#2788 = FACE_BOUND('',#2789,.T.);
#2789 = EDGE_LOOP('',(#2790,#2791,#2792,#2813));
#2790 = ORIENTED_EDGE('',*,*,#1064,.F.);
#2791 = ORIENTED_EDGE('',*,*,#2628,.T.);
#2792 = ORIENTED_EDGE('',*,*,#2793,.T.);
#2793 = EDGE_CURVE('',#2603,#2745,#2794,.T.);
#2794 = SURFACE_CURVE('',#2795,(#2799,#2806),.PCURVE_S1.);
#2795 = LINE('',#2796,#2797);
#2796 = CARTESIAN_POINT('',(44.,20.,5.));
#2797 = VECTOR('',#2798,1.);
#2798 = DIRECTION('',(1.,0.,-0.));
#2799 = PCURVE('',#1080,#2800);
#2800 = DEFINITIONAL_REPRESENTATION('',(#2801),#2805);
#2801 = LINE('',#2802,#2803);
#2802 = CARTESIAN_POINT('',(5.,0.));
#2803 = VECTOR('',#2804,1.);
#2804 = DIRECTION('',(0.,1.));
#2805 = ( GEOMETRIC_REPRESENTATION_CONTEXT(2) 
PARAMETRIC_REPRESENTATION_CONTEXT() REPRESENTATION_CONTEXT('2D SPACE',''
  ) );
#2806 = PCURVE('',#2617,#2807);
#2807 = DEFINITIONAL_REPRESENTATION('',(#2808),#2812);
#2808 = LINE('',#2809,#2810);
#2809 = CARTESIAN_POINT('',(0.,40.));
#2810 = VECTOR('',#2811,1.);
#2811 = DIRECTION('',(1.,0.));
#2812 = ( GEOMETRIC_REPRESENTATION_CONTEXT(2) 
PARAMETRIC_REPRESENTATION_CONTEXT() REPRESENTATION_CONTEXT('2D SPACE',''
  ) );
#2813 = ORIENTED_EDGE('',*,*,#2744,.F.);
#2814 = ADVANCED_FACE('',(#2815),#1280,.F.);
#2815 = FACE_BOUND('',#2816,.F.);
#2816 = EDGE_LOOP('',(#2817,#2846,#2867,#2868));
#2817 = ORIENTED_EDGE('',*,*,#2818,.F.);
#2818 = EDGE_CURVE('',#2819,#2819,#2821,.T.);
#2819 = VERTEX_POINT('',#2820);
#2820 = CARTESIAN_POINT('',(-36.65,-23.5,15.));
#2821 = SURFACE_CURVE('',#2822,(#2827,#2834),.PCURVE_S1.);
#2822 = CIRCLE('',#2823,1.35);
#2823 = AXIS2_PLACEMENT_3D('',#2824,#2825,#2826);
#2824 = CARTESIAN_POINT('',(-38.,-23.5,15.));
#2825 = DIRECTION('',(0.,0.,1.));
#2826 = DIRECTION('',(1.,0.,-0.));
#2827 = PCURVE('',#1280,#2828);
#2828 = DEFINITIONAL_REPRESENTATION('',(#2829),#2833);
#2829 = LINE('',#2830,#2831);
#2830 = CARTESIAN_POINT('',(0.,16.));
#2831 = VECTOR('',#2832,1.);
#2832 = DIRECTION('',(1.,0.));
#2833 = ( GEOMETRIC_REPRESENTATION_CONTEXT(2) 
PARAMETRIC_REPRESENTATION_CONTEXT() REPRESENTATION_CONTEXT('2D SPACE',''
  ) );
#2834 = PCURVE('',#2835,#2840);
#2835 = PLANE('',#2836);
#2836 = AXIS2_PLACEMENT_3D('',#2837,#2838,#2839);
#2837 = CARTESIAN_POINT('',(-38.,-23.5,15.));
#2838 = DIRECTION('',(0.,0.,1.));
#2839 = DIRECTION('',(1.,0.,-0.));
#2840 = DEFINITIONAL_REPRESENTATION('',(#2841),#2845);
#2841 = CIRCLE('',#2842,1.35);
#2842 = AXIS2_PLACEMENT_2D('',#2843,#2844);
#2843 = CARTESIAN_POINT('',(0.,0.));
#2844 = DIRECTION('',(1.,0.));
#2845 = ( GEOMETRIC_REPRESENTATION_CONTEXT(2) 
PARAMETRIC_REPRESENTATION_CONTEXT() REPRESENTATION_CONTEXT('2D SPACE',''
  ) );
#2846 = ORIENTED_EDGE('',*,*,#2847,.F.);
#2847 = EDGE_CURVE('',#1264,#2819,#2848,.T.);
#2848 = SEAM_CURVE('',#2849,(#2853,#2860),.PCURVE_S1.);
#2849 = LINE('',#2850,#2851);
#2850 = CARTESIAN_POINT('',(-36.65,-23.5,-1.));
#2851 = VECTOR('',#2852,1.);
#2852 = DIRECTION('',(0.,0.,1.));
#2853 = PCURVE('',#1280,#2854);
#2854 = DEFINITIONAL_REPRESENTATION('',(#2855),#2859);
#2855 = LINE('',#2856,#2857);
#2856 = CARTESIAN_POINT('',(6.28318530718,-0.));
#2857 = VECTOR('',#2858,1.);
#2858 = DIRECTION('',(0.,1.));
#2859 = ( GEOMETRIC_REPRESENTATION_CONTEXT(2) 
PARAMETRIC_REPRESENTATION_CONTEXT() REPRESENTATION_CONTEXT('2D SPACE',''
  ) );
#2860 = PCURVE('',#1280,#2861);
#2861 = DEFINITIONAL_REPRESENTATION('',(#2862),#2866);
#2862 = LINE('',#2863,#2864);
#2863 = CARTESIAN_POINT('',(0.,-0.));
#2864 = VECTOR('',#2865,1.);
#2865 = DIRECTION('',(0.,1.));
#2866 = ( GEOMETRIC_REPRESENTATION_CONTEXT(2) 
PARAMETRIC_REPRESENTATION_CONTEXT() REPRESENTATION_CONTEXT('2D SPACE',''
  ) );
#2867 = ORIENTED_EDGE('',*,*,#1263,.T.);
#2868 = ORIENTED_EDGE('',*,*,#2847,.T.);
#2869 = ADVANCED_FACE('',(#2870),#1311,.F.);
#2870 = FACE_BOUND('',#2871,.F.);
#2871 = EDGE_LOOP('',(#2872,#2901,#2922,#2923));
#2872 = ORIENTED_EDGE('',*,*,#2873,.F.);
#2873 = EDGE_CURVE('',#2874,#2874,#2876,.T.);
#2874 = VERTEX_POINT('',#2875);
#2875 = CARTESIAN_POINT('',(39.35,-23.5,15.));
#2876 = SURFACE_CURVE('',#2877,(#2882,#2889),.PCURVE_S1.);
#2877 = CIRCLE('',#2878,1.35);
#2878 = AXIS2_PLACEMENT_3D('',#2879,#2880,#2881);
#2879 = CARTESIAN_POINT('',(38.,-23.5,15.));
#2880 = DIRECTION('',(0.,0.,1.));
#2881 = DIRECTION('',(1.,0.,-0.));
#2882 = PCURVE('',#1311,#2883);
#2883 = DEFINITIONAL_REPRESENTATION('',(#2884),#2888);
#2884 = LINE('',#2885,#2886);
#2885 = CARTESIAN_POINT('',(0.,16.));
#2886 = VECTOR('',#2887,1.);
#2887 = DIRECTION('',(1.,0.));
#2888 = ( GEOMETRIC_REPRESENTATION_CONTEXT(2) 
PARAMETRIC_REPRESENTATION_CONTEXT() REPRESENTATION_CONTEXT('2D SPACE',''
  ) );
#2889 = PCURVE('',#2890,#2895);
#2890 = PLANE('',#2891);
#2891 = AXIS2_PLACEMENT_3D('',#2892,#2893,#2894);
#2892 = CARTESIAN_POINT('',(38.,-23.5,15.));
#2893 = DIRECTION('',(0.,0.,1.));
#2894 = DIRECTION('',(1.,0.,-0.));
#2895 = DEFINITIONAL_REPRESENTATION('',(#2896),#2900);
#2896 = CIRCLE('',#2897,1.35);
#2897 = AXIS2_PLACEMENT_2D('',#2898,#2899);
#2898 = CARTESIAN_POINT('',(0.,0.));
#2899 = DIRECTION('',(1.,0.));
#2900 = ( GEOMETRIC_REPRESENTATION_CONTEXT(2) 
PARAMETRIC_REPRESENTATION_CONTEXT() REPRESENTATION_CONTEXT('2D SPACE',''
  ) );
#2901 = ORIENTED_EDGE('',*,*,#2902,.F.);
#2902 = EDGE_CURVE('',#1295,#2874,#2903,.T.);
#2903 = SEAM_CURVE('',#2904,(#2908,#2915),.PCURVE_S1.);
#2904 = LINE('',#2905,#2906);
#2905 = CARTESIAN_POINT('',(39.35,-23.5,-1.));
#2906 = VECTOR('',#2907,1.);
#2907 = DIRECTION('',(0.,0.,1.));
#2908 = PCURVE('',#1311,#2909);
#2909 = DEFINITIONAL_REPRESENTATION('',(#2910),#2914);
#2910 = LINE('',#2911,#2912);
#2911 = CARTESIAN_POINT('',(6.28318530718,-0.));
#2912 = VECTOR('',#2913,1.);
#2913 = DIRECTION('',(0.,1.));
#2914 = ( GEOMETRIC_REPRESENTATION_CONTEXT(2) 
PARAMETRIC_REPRESENTATION_CONTEXT() REPRESENTATION_CONTEXT('2D SPACE',''
  ) );
#2915 = PCURVE('',#1311,#2916);
#2916 = DEFINITIONAL_REPRESENTATION('',(#2917),#2921);
#2917 = LINE('',#2918,#2919);
#2918 = CARTESIAN_POINT('',(0.,-0.));
#2919 = VECTOR('',#2920,1.);
#2920 = DIRECTION('',(0.,1.));
#2921 = ( GEOMETRIC_REPRESENTATION_CONTEXT(2) 
PARAMETRIC_REPRESENTATION_CONTEXT() REPRESENTATION_CONTEXT('2D SPACE',''
  ) );
#2922 = ORIENTED_EDGE('',*,*,#1294,.T.);
#2923 = ORIENTED_EDGE('',*,*,#2902,.T.);
#2924 = ADVANCED_FACE('',(#2925),#1343,.F.);
#2925 = FACE_BOUND('',#2926,.F.);
#2926 = EDGE_LOOP('',(#2927,#2948,#2949,#2970));
#2927 = ORIENTED_EDGE('',*,*,#2928,.F.);
#2928 = EDGE_CURVE('',#1326,#1781,#2929,.T.);
#2929 = SURFACE_CURVE('',#2930,(#2934,#2941),.PCURVE_S1.);
#2930 = LINE('',#2931,#2932);
#2931 = CARTESIAN_POINT('',(-49.,15.,-1.));
#2932 = VECTOR('',#2933,1.);
#2933 = DIRECTION('',(0.,0.,1.));
#2934 = PCURVE('',#1343,#2935);
#2935 = DEFINITIONAL_REPRESENTATION('',(#2936),#2940);
#2936 = LINE('',#2937,#2938);
#2937 = CARTESIAN_POINT('',(0.,4.));
#2938 = VECTOR('',#2939,1.);
#2939 = DIRECTION('',(1.,0.));
#2940 = ( GEOMETRIC_REPRESENTATION_CONTEXT(2) 
PARAMETRIC_REPRESENTATION_CONTEXT() REPRESENTATION_CONTEXT('2D SPACE',''
  ) );
#2941 = PCURVE('',#1370,#2942);
#2942 = DEFINITIONAL_REPRESENTATION('',(#2943),#2947);
#2943 = LINE('',#2944,#2945);
#2944 = CARTESIAN_POINT('',(0.,-30.));
#2945 = VECTOR('',#2946,1.);
#2946 = DIRECTION('',(1.,0.));
#2947 = ( GEOMETRIC_REPRESENTATION_CONTEXT(2) 
PARAMETRIC_REPRESENTATION_CONTEXT() REPRESENTATION_CONTEXT('2D SPACE',''
  ) );
#2948 = ORIENTED_EDGE('',*,*,#1325,.T.);
#2949 = ORIENTED_EDGE('',*,*,#2950,.T.);
#2950 = EDGE_CURVE('',#1328,#1760,#2951,.T.);
#2951 = SURFACE_CURVE('',#2952,(#2956,#2963),.PCURVE_S1.);
#2952 = LINE('',#2953,#2954);
#2953 = CARTESIAN_POINT('',(-53.,15.,-1.));
#2954 = VECTOR('',#2955,1.);
#2955 = DIRECTION('',(0.,0.,1.));
#2956 = PCURVE('',#1343,#2957);
#2957 = DEFINITIONAL_REPRESENTATION('',(#2958),#2962);
#2958 = LINE('',#2959,#2960);
#2959 = CARTESIAN_POINT('',(0.,0.));
#2960 = VECTOR('',#2961,1.);
#2961 = DIRECTION('',(1.,0.));
#2962 = ( GEOMETRIC_REPRESENTATION_CONTEXT(2) 
PARAMETRIC_REPRESENTATION_CONTEXT() REPRESENTATION_CONTEXT('2D SPACE',''
  ) );
#2963 = PCURVE('',#1422,#2964);
#2964 = DEFINITIONAL_REPRESENTATION('',(#2965),#2969);
#2965 = LINE('',#2966,#2967);
#2966 = CARTESIAN_POINT('',(0.,-30.));
#2967 = VECTOR('',#2968,1.);
#2968 = DIRECTION('',(1.,0.));
#2969 = ( GEOMETRIC_REPRESENTATION_CONTEXT(2) 
PARAMETRIC_REPRESENTATION_CONTEXT() REPRESENTATION_CONTEXT('2D SPACE',''
  ) );
#2970 = ORIENTED_EDGE('',*,*,#1780,.F.);
#2971 = ADVANCED_FACE('',(#2972),#1370,.F.);
#2972 = FACE_BOUND('',#2973,.F.);
#2973 = EDGE_LOOP('',(#2974,#2995,#2996,#2997));
#2974 = ORIENTED_EDGE('',*,*,#2975,.F.);
#2975 = EDGE_CURVE('',#1355,#1737,#2976,.T.);
#2976 = SURFACE_CURVE('',#2977,(#2981,#2988),.PCURVE_S1.);
#2977 = LINE('',#2978,#2979);
#2978 = CARTESIAN_POINT('',(-49.,-15.,-1.));
#2979 = VECTOR('',#2980,1.);
#2980 = DIRECTION('',(0.,0.,1.));
#2981 = PCURVE('',#1370,#2982);
#2982 = DEFINITIONAL_REPRESENTATION('',(#2983),#2987);
#2983 = LINE('',#2984,#2985);
#2984 = CARTESIAN_POINT('',(0.,0.));
#2985 = VECTOR('',#2986,1.);
#2986 = DIRECTION('',(1.,0.));
#2987 = ( GEOMETRIC_REPRESENTATION_CONTEXT(2) 
PARAMETRIC_REPRESENTATION_CONTEXT() REPRESENTATION_CONTEXT('2D SPACE',''
  ) );
#2988 = PCURVE('',#1397,#2989);
#2989 = DEFINITIONAL_REPRESENTATION('',(#2990),#2994);
#2990 = LINE('',#2991,#2992);
#2991 = CARTESIAN_POINT('',(0.,4.));
#2992 = VECTOR('',#2993,1.);
#2993 = DIRECTION('',(1.,0.));
#2994 = ( GEOMETRIC_REPRESENTATION_CONTEXT(2) 
PARAMETRIC_REPRESENTATION_CONTEXT() REPRESENTATION_CONTEXT('2D SPACE',''
  ) );
#2995 = ORIENTED_EDGE('',*,*,#1354,.T.);
#2996 = ORIENTED_EDGE('',*,*,#2928,.T.);
#2997 = ORIENTED_EDGE('',*,*,#1801,.F.);
#2998 = ADVANCED_FACE('',(#2999),#1422,.T.);
#2999 = FACE_BOUND('',#3000,.T.);
#3000 = EDGE_LOOP('',(#3001,#3022,#3023,#3024));
#3001 = ORIENTED_EDGE('',*,*,#3002,.F.);
#3002 = EDGE_CURVE('',#1382,#1739,#3003,.T.);
#3003 = SURFACE_CURVE('',#3004,(#3008,#3015),.PCURVE_S1.);
#3004 = LINE('',#3005,#3006);
#3005 = CARTESIAN_POINT('',(-53.,-15.,-1.));
#3006 = VECTOR('',#3007,1.);
#3007 = DIRECTION('',(0.,0.,1.));
#3008 = PCURVE('',#1422,#3009);
#3009 = DEFINITIONAL_REPRESENTATION('',(#3010),#3014);
#3010 = LINE('',#3011,#3012);
#3011 = CARTESIAN_POINT('',(0.,0.));
#3012 = VECTOR('',#3013,1.);
#3013 = DIRECTION('',(1.,0.));
#3014 = ( GEOMETRIC_REPRESENTATION_CONTEXT(2) 
PARAMETRIC_REPRESENTATION_CONTEXT() REPRESENTATION_CONTEXT('2D SPACE',''
  ) );
#3015 = PCURVE('',#1397,#3016);
#3016 = DEFINITIONAL_REPRESENTATION('',(#3017),#3021);
#3017 = LINE('',#3018,#3019);
#3018 = CARTESIAN_POINT('',(0.,0.));
#3019 = VECTOR('',#3020,1.);
#3020 = DIRECTION('',(1.,0.));
#3021 = ( GEOMETRIC_REPRESENTATION_CONTEXT(2) 
PARAMETRIC_REPRESENTATION_CONTEXT() REPRESENTATION_CONTEXT('2D SPACE',''
  ) );
#3022 = ORIENTED_EDGE('',*,*,#1408,.T.);
#3023 = ORIENTED_EDGE('',*,*,#2950,.T.);
#3024 = ORIENTED_EDGE('',*,*,#1759,.F.);
#3025 = ADVANCED_FACE('',(#3026),#1397,.T.);
#3026 = FACE_BOUND('',#3027,.T.);
#3027 = EDGE_LOOP('',(#3028,#3029,#3030,#3031));
#3028 = ORIENTED_EDGE('',*,*,#2975,.F.);
#3029 = ORIENTED_EDGE('',*,*,#1381,.T.);
#3030 = ORIENTED_EDGE('',*,*,#3002,.T.);
#3031 = ORIENTED_EDGE('',*,*,#1736,.F.);
#3032 = ADVANCED_FACE('',(#3033),#1452,.F.);
#3033 = FACE_BOUND('',#3034,.F.);
#3034 = EDGE_LOOP('',(#3035,#3064,#3085,#3086));
#3035 = ORIENTED_EDGE('',*,*,#3036,.F.);
#3036 = EDGE_CURVE('',#3037,#3037,#3039,.T.);
#3037 = VERTEX_POINT('',#3038);
#3038 = CARTESIAN_POINT('',(-36.65,23.5,15.));
#3039 = SURFACE_CURVE('',#3040,(#3045,#3052),.PCURVE_S1.);
#3040 = CIRCLE('',#3041,1.35);
#3041 = AXIS2_PLACEMENT_3D('',#3042,#3043,#3044);
#3042 = CARTESIAN_POINT('',(-38.,23.5,15.));
#3043 = DIRECTION('',(0.,0.,1.));
#3044 = DIRECTION('',(1.,0.,-0.));
#3045 = PCURVE('',#1452,#3046);
#3046 = DEFINITIONAL_REPRESENTATION('',(#3047),#3051);
#3047 = LINE('',#3048,#3049);
#3048 = CARTESIAN_POINT('',(0.,16.));
#3049 = VECTOR('',#3050,1.);
#3050 = DIRECTION('',(1.,0.));
#3051 = ( GEOMETRIC_REPRESENTATION_CONTEXT(2) 
PARAMETRIC_REPRESENTATION_CONTEXT() REPRESENTATION_CONTEXT('2D SPACE',''
  ) );
#3052 = PCURVE('',#3053,#3058);
#3053 = PLANE('',#3054);
#3054 = AXIS2_PLACEMENT_3D('',#3055,#3056,#3057);
#3055 = CARTESIAN_POINT('',(-38.,23.5,15.));
#3056 = DIRECTION('',(0.,0.,1.));
#3057 = DIRECTION('',(1.,0.,-0.));
#3058 = DEFINITIONAL_REPRESENTATION('',(#3059),#3063);
#3059 = CIRCLE('',#3060,1.35);
#3060 = AXIS2_PLACEMENT_2D('',#3061,#3062);
#3061 = CARTESIAN_POINT('',(0.,0.));
#3062 = DIRECTION('',(1.,0.));
#3063 = ( GEOMETRIC_REPRESENTATION_CONTEXT(2) 
PARAMETRIC_REPRESENTATION_CONTEXT() REPRESENTATION_CONTEXT('2D SPACE',''
  ) );
#3064 = ORIENTED_EDGE('',*,*,#3065,.F.);
#3065 = EDGE_CURVE('',#1436,#3037,#3066,.T.);
#3066 = SEAM_CURVE('',#3067,(#3071,#3078),.PCURVE_S1.);
#3067 = LINE('',#3068,#3069);
#3068 = CARTESIAN_POINT('',(-36.65,23.5,-1.));
#3069 = VECTOR('',#3070,1.);
#3070 = DIRECTION('',(0.,0.,1.));
#3071 = PCURVE('',#1452,#3072);
#3072 = DEFINITIONAL_REPRESENTATION('',(#3073),#3077);
#3073 = LINE('',#3074,#3075);
#3074 = CARTESIAN_POINT('',(6.28318530718,-0.));
#3075 = VECTOR('',#3076,1.);
#3076 = DIRECTION('',(0.,1.));
#3077 = ( GEOMETRIC_REPRESENTATION_CONTEXT(2) 
PARAMETRIC_REPRESENTATION_CONTEXT() REPRESENTATION_CONTEXT('2D SPACE',''
  ) );
#3078 = PCURVE('',#1452,#3079);
#3079 = DEFINITIONAL_REPRESENTATION('',(#3080),#3084);
#3080 = LINE('',#3081,#3082);
#3081 = CARTESIAN_POINT('',(0.,-0.));
#3082 = VECTOR('',#3083,1.);
#3083 = DIRECTION('',(0.,1.));
#3084 = ( GEOMETRIC_REPRESENTATION_CONTEXT(2) 
PARAMETRIC_REPRESENTATION_CONTEXT() REPRESENTATION_CONTEXT('2D SPACE',''
  ) );
#3085 = ORIENTED_EDGE('',*,*,#1435,.T.);
#3086 = ORIENTED_EDGE('',*,*,#3065,.T.);
#3087 = ADVANCED_FACE('',(#3088),#1484,.F.);
#3088 = FACE_BOUND('',#3089,.F.);
#3089 = EDGE_LOOP('',(#3090,#3113,#3114,#3137));
#3090 = ORIENTED_EDGE('',*,*,#3091,.F.);
#3091 = EDGE_CURVE('',#1467,#3092,#3094,.T.);
#3092 = VERTEX_POINT('',#3093);
#3093 = CARTESIAN_POINT('',(53.,15.,5.));
#3094 = SURFACE_CURVE('',#3095,(#3099,#3106),.PCURVE_S1.);
#3095 = LINE('',#3096,#3097);
#3096 = CARTESIAN_POINT('',(53.,15.,-1.));
#3097 = VECTOR('',#3098,1.);
#3098 = DIRECTION('',(0.,0.,1.));
#3099 = PCURVE('',#1484,#3100);
#3100 = DEFINITIONAL_REPRESENTATION('',(#3101),#3105);
#3101 = LINE('',#3102,#3103);
#3102 = CARTESIAN_POINT('',(0.,4.));
#3103 = VECTOR('',#3104,1.);
#3104 = DIRECTION('',(1.,0.));
#3105 = ( GEOMETRIC_REPRESENTATION_CONTEXT(2) 
PARAMETRIC_REPRESENTATION_CONTEXT() REPRESENTATION_CONTEXT('2D SPACE',''
  ) );
#3106 = PCURVE('',#1511,#3107);
#3107 = DEFINITIONAL_REPRESENTATION('',(#3108),#3112);
#3108 = LINE('',#3109,#3110);
#3109 = CARTESIAN_POINT('',(0.,-30.));
#3110 = VECTOR('',#3111,1.);
#3111 = DIRECTION('',(1.,0.));
#3112 = ( GEOMETRIC_REPRESENTATION_CONTEXT(2) 
PARAMETRIC_REPRESENTATION_CONTEXT() REPRESENTATION_CONTEXT('2D SPACE',''
  ) );
#3113 = ORIENTED_EDGE('',*,*,#1466,.T.);
#3114 = ORIENTED_EDGE('',*,*,#3115,.T.);
#3115 = EDGE_CURVE('',#1469,#3116,#3118,.T.);
#3116 = VERTEX_POINT('',#3117);
#3117 = CARTESIAN_POINT('',(49.,15.,5.));
#3118 = SURFACE_CURVE('',#3119,(#3123,#3130),.PCURVE_S1.);
#3119 = LINE('',#3120,#3121);
#3120 = CARTESIAN_POINT('',(49.,15.,-1.));
#3121 = VECTOR('',#3122,1.);
#3122 = DIRECTION('',(0.,0.,1.));
#3123 = PCURVE('',#1484,#3124);
#3124 = DEFINITIONAL_REPRESENTATION('',(#3125),#3129);
#3125 = LINE('',#3126,#3127);
#3126 = CARTESIAN_POINT('',(0.,0.));
#3127 = VECTOR('',#3128,1.);
#3128 = DIRECTION('',(1.,0.));
#3129 = ( GEOMETRIC_REPRESENTATION_CONTEXT(2) 
PARAMETRIC_REPRESENTATION_CONTEXT() REPRESENTATION_CONTEXT('2D SPACE',''
  ) );
#3130 = PCURVE('',#1563,#3131);
#3131 = DEFINITIONAL_REPRESENTATION('',(#3132),#3136);
#3132 = LINE('',#3133,#3134);
#3133 = CARTESIAN_POINT('',(0.,-30.));
#3134 = VECTOR('',#3135,1.);
#3135 = DIRECTION('',(1.,0.));
#3136 = ( GEOMETRIC_REPRESENTATION_CONTEXT(2) 
PARAMETRIC_REPRESENTATION_CONTEXT() REPRESENTATION_CONTEXT('2D SPACE',''
  ) );
#3137 = ORIENTED_EDGE('',*,*,#3138,.F.);
#3138 = EDGE_CURVE('',#3092,#3116,#3139,.T.);
#3139 = SURFACE_CURVE('',#3140,(#3144,#3150),.PCURVE_S1.);
#3140 = LINE('',#3141,#3142);
#3141 = CARTESIAN_POINT('',(46.5,15.,5.));
#3142 = VECTOR('',#3143,1.);
#3143 = DIRECTION('',(-1.,-0.,0.));
#3144 = PCURVE('',#1484,#3145);
#3145 = DEFINITIONAL_REPRESENTATION('',(#3146),#3149);
#3146 = B_SPLINE_CURVE_WITH_KNOTS('',1,(#3147,#3148),.UNSPECIFIED.,.F.,
  .F.,(2,2),(-6.5,-2.5),.PIECEWISE_BEZIER_KNOTS.);
#3147 = CARTESIAN_POINT('',(6.,4.));
#3148 = CARTESIAN_POINT('',(6.,0.));
#3149 = ( GEOMETRIC_REPRESENTATION_CONTEXT(2) 
PARAMETRIC_REPRESENTATION_CONTEXT() REPRESENTATION_CONTEXT('2D SPACE',''
  ) );
#3150 = PCURVE('',#2617,#3151);
#3151 = DEFINITIONAL_REPRESENTATION('',(#3152),#3155);
#3152 = B_SPLINE_CURVE_WITH_KNOTS('',1,(#3153,#3154),.UNSPECIFIED.,.F.,
  .F.,(2,2),(-6.5,-2.5),.PIECEWISE_BEZIER_KNOTS.);
#3153 = CARTESIAN_POINT('',(9.,35.));
#3154 = CARTESIAN_POINT('',(5.,35.));
#3155 = ( GEOMETRIC_REPRESENTATION_CONTEXT(2) 
PARAMETRIC_REPRESENTATION_CONTEXT() REPRESENTATION_CONTEXT('2D SPACE',''
  ) );
#3156 = ADVANCED_FACE('',(#3157),#1511,.F.);
#3157 = FACE_BOUND('',#3158,.F.);
#3158 = EDGE_LOOP('',(#3159,#3182,#3183,#3184));
#3159 = ORIENTED_EDGE('',*,*,#3160,.F.);
#3160 = EDGE_CURVE('',#1496,#3161,#3163,.T.);
#3161 = VERTEX_POINT('',#3162);
#3162 = CARTESIAN_POINT('',(53.,-15.,5.));
#3163 = SURFACE_CURVE('',#3164,(#3168,#3175),.PCURVE_S1.);
#3164 = LINE('',#3165,#3166);
#3165 = CARTESIAN_POINT('',(53.,-15.,-1.));
#3166 = VECTOR('',#3167,1.);
#3167 = DIRECTION('',(0.,0.,1.));
#3168 = PCURVE('',#1511,#3169);
#3169 = DEFINITIONAL_REPRESENTATION('',(#3170),#3174);
#3170 = LINE('',#3171,#3172);
#3171 = CARTESIAN_POINT('',(0.,0.));
#3172 = VECTOR('',#3173,1.);
#3173 = DIRECTION('',(1.,0.));
#3174 = ( GEOMETRIC_REPRESENTATION_CONTEXT(2) 
PARAMETRIC_REPRESENTATION_CONTEXT() REPRESENTATION_CONTEXT('2D SPACE',''
  ) );
#3175 = PCURVE('',#1538,#3176);
#3176 = DEFINITIONAL_REPRESENTATION('',(#3177),#3181);
#3177 = LINE('',#3178,#3179);
#3178 = CARTESIAN_POINT('',(0.,4.));
#3179 = VECTOR('',#3180,1.);
#3180 = DIRECTION('',(1.,0.));
#3181 = ( GEOMETRIC_REPRESENTATION_CONTEXT(2) 
PARAMETRIC_REPRESENTATION_CONTEXT() REPRESENTATION_CONTEXT('2D SPACE',''
  ) );
#3182 = ORIENTED_EDGE('',*,*,#1495,.T.);
#3183 = ORIENTED_EDGE('',*,*,#3091,.T.);
#3184 = ORIENTED_EDGE('',*,*,#3185,.F.);
#3185 = EDGE_CURVE('',#3161,#3092,#3186,.T.);
#3186 = SURFACE_CURVE('',#3187,(#3191,#3197),.PCURVE_S1.);
#3187 = LINE('',#3188,#3189);
#3188 = CARTESIAN_POINT('',(53.,-17.5,5.));
#3189 = VECTOR('',#3190,1.);
#3190 = DIRECTION('',(-0.,1.,0.));
#3191 = PCURVE('',#1511,#3192);
#3192 = DEFINITIONAL_REPRESENTATION('',(#3193),#3196);
#3193 = B_SPLINE_CURVE_WITH_KNOTS('',1,(#3194,#3195),.UNSPECIFIED.,.F.,
  .F.,(2,2),(2.5,32.5),.PIECEWISE_BEZIER_KNOTS.);
#3194 = CARTESIAN_POINT('',(6.,0.));
#3195 = CARTESIAN_POINT('',(6.,-30.));
#3196 = ( GEOMETRIC_REPRESENTATION_CONTEXT(2) 
PARAMETRIC_REPRESENTATION_CONTEXT() REPRESENTATION_CONTEXT('2D SPACE',''
  ) );
#3197 = PCURVE('',#2617,#3198);
#3198 = DEFINITIONAL_REPRESENTATION('',(#3199),#3202);
#3199 = B_SPLINE_CURVE_WITH_KNOTS('',1,(#3200,#3201),.UNSPECIFIED.,.F.,
  .F.,(2,2),(2.5,32.5),.PIECEWISE_BEZIER_KNOTS.);
#3200 = CARTESIAN_POINT('',(9.,5.));
#3201 = CARTESIAN_POINT('',(9.,35.));
#3202 = ( GEOMETRIC_REPRESENTATION_CONTEXT(2) 
PARAMETRIC_REPRESENTATION_CONTEXT() REPRESENTATION_CONTEXT('2D SPACE',''
  ) );
#3203 = ADVANCED_FACE('',(#3204),#1563,.T.);
#3204 = FACE_BOUND('',#3205,.T.);
#3205 = EDGE_LOOP('',(#3206,#3229,#3230,#3231));
#3206 = ORIENTED_EDGE('',*,*,#3207,.F.);
#3207 = EDGE_CURVE('',#1523,#3208,#3210,.T.);
#3208 = VERTEX_POINT('',#3209);
#3209 = CARTESIAN_POINT('',(49.,-15.,5.));
#3210 = SURFACE_CURVE('',#3211,(#3215,#3222),.PCURVE_S1.);
#3211 = LINE('',#3212,#3213);
#3212 = CARTESIAN_POINT('',(49.,-15.,-1.));
#3213 = VECTOR('',#3214,1.);
#3214 = DIRECTION('',(0.,0.,1.));
#3215 = PCURVE('',#1563,#3216);
#3216 = DEFINITIONAL_REPRESENTATION('',(#3217),#3221);
#3217 = LINE('',#3218,#3219);
#3218 = CARTESIAN_POINT('',(0.,0.));
#3219 = VECTOR('',#3220,1.);
#3220 = DIRECTION('',(1.,0.));
#3221 = ( GEOMETRIC_REPRESENTATION_CONTEXT(2) 
PARAMETRIC_REPRESENTATION_CONTEXT() REPRESENTATION_CONTEXT('2D SPACE',''
  ) );
#3222 = PCURVE('',#1538,#3223);
#3223 = DEFINITIONAL_REPRESENTATION('',(#3224),#3228);
#3224 = LINE('',#3225,#3226);
#3225 = CARTESIAN_POINT('',(0.,0.));
#3226 = VECTOR('',#3227,1.);
#3227 = DIRECTION('',(1.,0.));
#3228 = ( GEOMETRIC_REPRESENTATION_CONTEXT(2) 
PARAMETRIC_REPRESENTATION_CONTEXT() REPRESENTATION_CONTEXT('2D SPACE',''
  ) );
#3229 = ORIENTED_EDGE('',*,*,#1549,.T.);
#3230 = ORIENTED_EDGE('',*,*,#3115,.T.);
#3231 = ORIENTED_EDGE('',*,*,#3232,.F.);
#3232 = EDGE_CURVE('',#3208,#3116,#3233,.T.);
#3233 = SURFACE_CURVE('',#3234,(#3238,#3244),.PCURVE_S1.);
#3234 = LINE('',#3235,#3236);
#3235 = CARTESIAN_POINT('',(49.,-17.5,5.));
#3236 = VECTOR('',#3237,1.);
#3237 = DIRECTION('',(-0.,1.,0.));
#3238 = PCURVE('',#1563,#3239);
#3239 = DEFINITIONAL_REPRESENTATION('',(#3240),#3243);
#3240 = B_SPLINE_CURVE_WITH_KNOTS('',1,(#3241,#3242),.UNSPECIFIED.,.F.,
  .F.,(2,2),(2.5,32.5),.PIECEWISE_BEZIER_KNOTS.);
#3241 = CARTESIAN_POINT('',(6.,0.));
#3242 = CARTESIAN_POINT('',(6.,-30.));
#3243 = ( GEOMETRIC_REPRESENTATION_CONTEXT(2) 
PARAMETRIC_REPRESENTATION_CONTEXT() REPRESENTATION_CONTEXT('2D SPACE',''
  ) );
#3244 = PCURVE('',#2617,#3245);
#3245 = DEFINITIONAL_REPRESENTATION('',(#3246),#3249);
#3246 = B_SPLINE_CURVE_WITH_KNOTS('',1,(#3247,#3248),.UNSPECIFIED.,.F.,
  .F.,(2,2),(2.5,32.5),.PIECEWISE_BEZIER_KNOTS.);
#3247 = CARTESIAN_POINT('',(5.,5.));
#3248 = CARTESIAN_POINT('',(5.,35.));
#3249 = ( GEOMETRIC_REPRESENTATION_CONTEXT(2) 
PARAMETRIC_REPRESENTATION_CONTEXT() REPRESENTATION_CONTEXT('2D SPACE',''
  ) );
#3250 = ADVANCED_FACE('',(#3251),#1538,.T.);
#3251 = FACE_BOUND('',#3252,.T.);
#3252 = EDGE_LOOP('',(#3253,#3254,#3255,#3256));
#3253 = ORIENTED_EDGE('',*,*,#3160,.F.);
#3254 = ORIENTED_EDGE('',*,*,#1522,.T.);
#3255 = ORIENTED_EDGE('',*,*,#3207,.T.);
#3256 = ORIENTED_EDGE('',*,*,#3257,.F.);
#3257 = EDGE_CURVE('',#3161,#3208,#3258,.T.);
#3258 = SURFACE_CURVE('',#3259,(#3263,#3269),.PCURVE_S1.);
#3259 = LINE('',#3260,#3261);
#3260 = CARTESIAN_POINT('',(46.5,-15.,5.));
#3261 = VECTOR('',#3262,1.);
#3262 = DIRECTION('',(-1.,-0.,0.));
#3263 = PCURVE('',#1538,#3264);
#3264 = DEFINITIONAL_REPRESENTATION('',(#3265),#3268);
#3265 = B_SPLINE_CURVE_WITH_KNOTS('',1,(#3266,#3267),.UNSPECIFIED.,.F.,
  .F.,(2,2),(-6.5,-2.5),.PIECEWISE_BEZIER_KNOTS.);
#3266 = CARTESIAN_POINT('',(6.,4.));
#3267 = CARTESIAN_POINT('',(6.,0.));
#3268 = ( GEOMETRIC_REPRESENTATION_CONTEXT(2) 
PARAMETRIC_REPRESENTATION_CONTEXT() REPRESENTATION_CONTEXT('2D SPACE',''
  ) );
#3269 = PCURVE('',#2617,#3270);
#3270 = DEFINITIONAL_REPRESENTATION('',(#3271),#3274);
#3271 = B_SPLINE_CURVE_WITH_KNOTS('',1,(#3272,#3273),.UNSPECIFIED.,.F.,
  .F.,(2,2),(-6.5,-2.5),.PIECEWISE_BEZIER_KNOTS.);
#3272 = CARTESIAN_POINT('',(9.,5.));
#3273 = CARTESIAN_POINT('',(5.,5.));
#3274 = ( GEOMETRIC_REPRESENTATION_CONTEXT(2) 
PARAMETRIC_REPRESENTATION_CONTEXT() REPRESENTATION_CONTEXT('2D SPACE',''
  ) );
#3275 = ADVANCED_FACE('',(#3276),#1593,.F.);
#3276 = FACE_BOUND('',#3277,.F.);
#3277 = EDGE_LOOP('',(#3278,#3302,#3323,#3324));
#3278 = ORIENTED_EDGE('',*,*,#3279,.F.);
#3279 = EDGE_CURVE('',#3280,#3280,#3282,.T.);
#3280 = VERTEX_POINT('',#3281);
#3281 = CARTESIAN_POINT('',(32.2,16.,3.));
#3282 = SURFACE_CURVE('',#3283,(#3288,#3295),.PCURVE_S1.);
#3283 = CIRCLE('',#3284,2.2);
#3284 = AXIS2_PLACEMENT_3D('',#3285,#3286,#3287);
#3285 = CARTESIAN_POINT('',(30.,16.,3.));
#3286 = DIRECTION('',(0.,0.,1.));
#3287 = DIRECTION('',(1.,0.,-0.));
#3288 = PCURVE('',#1593,#3289);
#3289 = DEFINITIONAL_REPRESENTATION('',(#3290),#3294);
#3290 = LINE('',#3291,#3292);
#3291 = CARTESIAN_POINT('',(0.,4.));
#3292 = VECTOR('',#3293,1.);
#3293 = DIRECTION('',(1.,0.));
#3294 = ( GEOMETRIC_REPRESENTATION_CONTEXT(2) 
PARAMETRIC_REPRESENTATION_CONTEXT() REPRESENTATION_CONTEXT('2D SPACE',''
  ) );
#3295 = PCURVE('',#2129,#3296);
#3296 = DEFINITIONAL_REPRESENTATION('',(#3297),#3301);
#3297 = CIRCLE('',#3298,2.2);
#3298 = AXIS2_PLACEMENT_2D('',#3299,#3300);
#3299 = CARTESIAN_POINT('',(72.5,43.5));
#3300 = DIRECTION('',(1.,0.));
#3301 = ( GEOMETRIC_REPRESENTATION_CONTEXT(2) 
PARAMETRIC_REPRESENTATION_CONTEXT() REPRESENTATION_CONTEXT('2D SPACE',''
  ) );
#3302 = ORIENTED_EDGE('',*,*,#3303,.F.);
#3303 = EDGE_CURVE('',#1577,#3280,#3304,.T.);
#3304 = SEAM_CURVE('',#3305,(#3309,#3316),.PCURVE_S1.);
#3305 = LINE('',#3306,#3307);
#3306 = CARTESIAN_POINT('',(32.2,16.,-1.));
#3307 = VECTOR('',#3308,1.);
#3308 = DIRECTION('',(0.,0.,1.));
#3309 = PCURVE('',#1593,#3310);
#3310 = DEFINITIONAL_REPRESENTATION('',(#3311),#3315);
#3311 = LINE('',#3312,#3313);
#3312 = CARTESIAN_POINT('',(6.28318530718,-0.));
#3313 = VECTOR('',#3314,1.);
#3314 = DIRECTION('',(0.,1.));
#3315 = ( GEOMETRIC_REPRESENTATION_CONTEXT(2) 
PARAMETRIC_REPRESENTATION_CONTEXT() REPRESENTATION_CONTEXT('2D SPACE',''
  ) );
#3316 = PCURVE('',#1593,#3317);
#3317 = DEFINITIONAL_REPRESENTATION('',(#3318),#3322);
#3318 = LINE('',#3319,#3320);
#3319 = CARTESIAN_POINT('',(0.,-0.));
#3320 = VECTOR('',#3321,1.);
#3321 = DIRECTION('',(0.,1.));
#3322 = ( GEOMETRIC_REPRESENTATION_CONTEXT(2) 
PARAMETRIC_REPRESENTATION_CONTEXT() REPRESENTATION_CONTEXT('2D SPACE',''
  ) );
#3323 = ORIENTED_EDGE('',*,*,#1576,.T.);
#3324 = ORIENTED_EDGE('',*,*,#3303,.T.);
#3325 = ADVANCED_FACE('',(#3326),#1624,.F.);
#3326 = FACE_BOUND('',#3327,.F.);
#3327 = EDGE_LOOP('',(#3328,#3357,#3378,#3379));
#3328 = ORIENTED_EDGE('',*,*,#3329,.F.);
#3329 = EDGE_CURVE('',#3330,#3330,#3332,.T.);
#3330 = VERTEX_POINT('',#3331);
#3331 = CARTESIAN_POINT('',(39.35,23.5,15.));
#3332 = SURFACE_CURVE('',#3333,(#3338,#3345),.PCURVE_S1.);
#3333 = CIRCLE('',#3334,1.35);
#3334 = AXIS2_PLACEMENT_3D('',#3335,#3336,#3337);
#3335 = CARTESIAN_POINT('',(38.,23.5,15.));
#3336 = DIRECTION('',(0.,0.,1.));
#3337 = DIRECTION('',(1.,0.,-0.));
#3338 = PCURVE('',#1624,#3339);
#3339 = DEFINITIONAL_REPRESENTATION('',(#3340),#3344);
#3340 = LINE('',#3341,#3342);
#3341 = CARTESIAN_POINT('',(0.,16.));
#3342 = VECTOR('',#3343,1.);
#3343 = DIRECTION('',(1.,0.));
#3344 = ( GEOMETRIC_REPRESENTATION_CONTEXT(2) 
PARAMETRIC_REPRESENTATION_CONTEXT() REPRESENTATION_CONTEXT('2D SPACE',''
  ) );
#3345 = PCURVE('',#3346,#3351);
#3346 = PLANE('',#3347);
#3347 = AXIS2_PLACEMENT_3D('',#3348,#3349,#3350);
#3348 = CARTESIAN_POINT('',(38.,23.5,15.));
#3349 = DIRECTION('',(0.,0.,1.));
#3350 = DIRECTION('',(1.,0.,-0.));
#3351 = DEFINITIONAL_REPRESENTATION('',(#3352),#3356);
#3352 = CIRCLE('',#3353,1.35);
#3353 = AXIS2_PLACEMENT_2D('',#3354,#3355);
#3354 = CARTESIAN_POINT('',(0.,0.));
#3355 = DIRECTION('',(1.,0.));
#3356 = ( GEOMETRIC_REPRESENTATION_CONTEXT(2) 
PARAMETRIC_REPRESENTATION_CONTEXT() REPRESENTATION_CONTEXT('2D SPACE',''
  ) );
#3357 = ORIENTED_EDGE('',*,*,#3358,.F.);
#3358 = EDGE_CURVE('',#1608,#3330,#3359,.T.);
#3359 = SEAM_CURVE('',#3360,(#3364,#3371),.PCURVE_S1.);
#3360 = LINE('',#3361,#3362);
#3361 = CARTESIAN_POINT('',(39.35,23.5,-1.));
#3362 = VECTOR('',#3363,1.);
#3363 = DIRECTION('',(0.,0.,1.));
#3364 = PCURVE('',#1624,#3365);
#3365 = DEFINITIONAL_REPRESENTATION('',(#3366),#3370);
#3366 = LINE('',#3367,#3368);
#3367 = CARTESIAN_POINT('',(6.28318530718,-0.));
#3368 = VECTOR('',#3369,1.);
#3369 = DIRECTION('',(0.,1.));
#3370 = ( GEOMETRIC_REPRESENTATION_CONTEXT(2) 
PARAMETRIC_REPRESENTATION_CONTEXT() REPRESENTATION_CONTEXT('2D SPACE',''
  ) );
#3371 = PCURVE('',#1624,#3372);
#3372 = DEFINITIONAL_REPRESENTATION('',(#3373),#3377);
#3373 = LINE('',#3374,#3375);
#3374 = CARTESIAN_POINT('',(0.,-0.));
#3375 = VECTOR('',#3376,1.);
#3376 = DIRECTION('',(0.,1.));
#3377 = ( GEOMETRIC_REPRESENTATION_CONTEXT(2) 
PARAMETRIC_REPRESENTATION_CONTEXT() REPRESENTATION_CONTEXT('2D SPACE',''
  ) );
#3378 = ORIENTED_EDGE('',*,*,#1607,.T.);
#3379 = ORIENTED_EDGE('',*,*,#3358,.T.);
#3380 = ADVANCED_FACE('',(#3381,#3391,#3422,#3453,#3484,#3487),#2129,.T.
  );
#3381 = FACE_BOUND('',#3382,.T.);
#3382 = EDGE_LOOP('',(#3383,#3384,#3385,#3386,#3387,#3388,#3389,#3390));
#3383 = ORIENTED_EDGE('',*,*,#2113,.F.);
#3384 = ORIENTED_EDGE('',*,*,#2172,.T.);
#3385 = ORIENTED_EDGE('',*,*,#2221,.T.);
#3386 = ORIENTED_EDGE('',*,*,#2293,.F.);
#3387 = ORIENTED_EDGE('',*,*,#2326,.T.);
#3388 = ORIENTED_EDGE('',*,*,#2374,.T.);
#3389 = ORIENTED_EDGE('',*,*,#2423,.F.);
#3390 = ORIENTED_EDGE('',*,*,#2473,.F.);
#3391 = FACE_BOUND('',#3392,.T.);
#3392 = EDGE_LOOP('',(#3393));
#3393 = ORIENTED_EDGE('',*,*,#3394,.F.);
#3394 = EDGE_CURVE('',#3395,#3395,#3397,.T.);
#3395 = VERTEX_POINT('',#3396);
#3396 = CARTESIAN_POINT('',(-34.5,-23.5,3.));
#3397 = SURFACE_CURVE('',#3398,(#3403,#3410),.PCURVE_S1.);
#3398 = CIRCLE('',#3399,3.5);
#3399 = AXIS2_PLACEMENT_3D('',#3400,#3401,#3402);
#3400 = CARTESIAN_POINT('',(-38.,-23.5,3.));
#3401 = DIRECTION('',(0.,0.,1.));
#3402 = DIRECTION('',(1.,0.,-0.));
#3403 = PCURVE('',#2129,#3404);
#3404 = DEFINITIONAL_REPRESENTATION('',(#3405),#3409);
#3405 = CIRCLE('',#3406,3.5);
#3406 = AXIS2_PLACEMENT_2D('',#3407,#3408);
#3407 = CARTESIAN_POINT('',(4.5,4.));
#3408 = DIRECTION('',(1.,0.));
#3409 = ( GEOMETRIC_REPRESENTATION_CONTEXT(2) 
PARAMETRIC_REPRESENTATION_CONTEXT() REPRESENTATION_CONTEXT('2D SPACE',''
  ) );
#3410 = PCURVE('',#3411,#3416);
#3411 = CYLINDRICAL_SURFACE('',#3412,3.5);
#3412 = AXIS2_PLACEMENT_3D('',#3413,#3414,#3415);
#3413 = CARTESIAN_POINT('',(-38.,-23.5,3.));
#3414 = DIRECTION('',(0.,0.,1.));
#3415 = DIRECTION('',(1.,0.,-0.));
#3416 = DEFINITIONAL_REPRESENTATION('',(#3417),#3421);
#3417 = LINE('',#3418,#3419);
#3418 = CARTESIAN_POINT('',(0.,0.));
#3419 = VECTOR('',#3420,1.);
#3420 = DIRECTION('',(1.,0.));
#3421 = ( GEOMETRIC_REPRESENTATION_CONTEXT(2) 
PARAMETRIC_REPRESENTATION_CONTEXT() REPRESENTATION_CONTEXT('2D SPACE',''
  ) );
#3422 = FACE_BOUND('',#3423,.T.);
#3423 = EDGE_LOOP('',(#3424));
#3424 = ORIENTED_EDGE('',*,*,#3425,.F.);
#3425 = EDGE_CURVE('',#3426,#3426,#3428,.T.);
#3426 = VERTEX_POINT('',#3427);
#3427 = CARTESIAN_POINT('',(41.5,-23.5,3.));
#3428 = SURFACE_CURVE('',#3429,(#3434,#3441),.PCURVE_S1.);
#3429 = CIRCLE('',#3430,3.5);
#3430 = AXIS2_PLACEMENT_3D('',#3431,#3432,#3433);
#3431 = CARTESIAN_POINT('',(38.,-23.5,3.));
#3432 = DIRECTION('',(0.,0.,1.));
#3433 = DIRECTION('',(1.,0.,-0.));
#3434 = PCURVE('',#2129,#3435);
#3435 = DEFINITIONAL_REPRESENTATION('',(#3436),#3440);
#3436 = CIRCLE('',#3437,3.5);
#3437 = AXIS2_PLACEMENT_2D('',#3438,#3439);
#3438 = CARTESIAN_POINT('',(80.5,4.));
#3439 = DIRECTION('',(1.,0.));
#3440 = ( GEOMETRIC_REPRESENTATION_CONTEXT(2) 
PARAMETRIC_REPRESENTATION_CONTEXT() REPRESENTATION_CONTEXT('2D SPACE',''
  ) );
#3441 = PCURVE('',#3442,#3447);
#3442 = CYLINDRICAL_SURFACE('',#3443,3.5);
#3443 = AXIS2_PLACEMENT_3D('',#3444,#3445,#3446);
#3444 = CARTESIAN_POINT('',(38.,-23.5,3.));
#3445 = DIRECTION('',(0.,0.,1.));
#3446 = DIRECTION('',(1.,0.,-0.));
#3447 = DEFINITIONAL_REPRESENTATION('',(#3448),#3452);
#3448 = LINE('',#3449,#3450);
#3449 = CARTESIAN_POINT('',(0.,0.));
#3450 = VECTOR('',#3451,1.);
#3451 = DIRECTION('',(1.,0.));
#3452 = ( GEOMETRIC_REPRESENTATION_CONTEXT(2) 
PARAMETRIC_REPRESENTATION_CONTEXT() REPRESENTATION_CONTEXT('2D SPACE',''
  ) );
#3453 = FACE_BOUND('',#3454,.T.);
#3454 = EDGE_LOOP('',(#3455));
#3455 = ORIENTED_EDGE('',*,*,#3456,.F.);
#3456 = EDGE_CURVE('',#3457,#3457,#3459,.T.);
#3457 = VERTEX_POINT('',#3458);
#3458 = CARTESIAN_POINT('',(-34.5,23.5,3.));
#3459 = SURFACE_CURVE('',#3460,(#3465,#3472),.PCURVE_S1.);
#3460 = CIRCLE('',#3461,3.5);
#3461 = AXIS2_PLACEMENT_3D('',#3462,#3463,#3464);
#3462 = CARTESIAN_POINT('',(-38.,23.5,3.));
#3463 = DIRECTION('',(0.,0.,1.));
#3464 = DIRECTION('',(1.,0.,-0.));
#3465 = PCURVE('',#2129,#3466);
#3466 = DEFINITIONAL_REPRESENTATION('',(#3467),#3471);
#3467 = CIRCLE('',#3468,3.5);
#3468 = AXIS2_PLACEMENT_2D('',#3469,#3470);
#3469 = CARTESIAN_POINT('',(4.5,51.));
#3470 = DIRECTION('',(1.,0.));
#3471 = ( GEOMETRIC_REPRESENTATION_CONTEXT(2) 
PARAMETRIC_REPRESENTATION_CONTEXT() REPRESENTATION_CONTEXT('2D SPACE',''
  ) );
#3472 = PCURVE('',#3473,#3478);
#3473 = CYLINDRICAL_SURFACE('',#3474,3.5);
#3474 = AXIS2_PLACEMENT_3D('',#3475,#3476,#3477);
#3475 = CARTESIAN_POINT('',(-38.,23.5,3.));
#3476 = DIRECTION('',(0.,0.,1.));
#3477 = DIRECTION('',(1.,0.,-0.));
#3478 = DEFINITIONAL_REPRESENTATION('',(#3479),#3483);
#3479 = LINE('',#3480,#3481);
#3480 = CARTESIAN_POINT('',(0.,0.));
#3481 = VECTOR('',#3482,1.);
#3482 = DIRECTION('',(1.,0.));
#3483 = ( GEOMETRIC_REPRESENTATION_CONTEXT(2) 
PARAMETRIC_REPRESENTATION_CONTEXT() REPRESENTATION_CONTEXT('2D SPACE',''
  ) );
#3484 = FACE_BOUND('',#3485,.T.);
#3485 = EDGE_LOOP('',(#3486));
#3486 = ORIENTED_EDGE('',*,*,#3279,.F.);
#3487 = FACE_BOUND('',#3488,.T.);
#3488 = EDGE_LOOP('',(#3489));
#3489 = ORIENTED_EDGE('',*,*,#3490,.F.);
#3490 = EDGE_CURVE('',#3491,#3491,#3493,.T.);
#3491 = VERTEX_POINT('',#3492);
#3492 = CARTESIAN_POINT('',(41.5,23.5,3.));
#3493 = SURFACE_CURVE('',#3494,(#3499,#3506),.PCURVE_S1.);
#3494 = CIRCLE('',#3495,3.5);
#3495 = AXIS2_PLACEMENT_3D('',#3496,#3497,#3498);
#3496 = CARTESIAN_POINT('',(38.,23.5,3.));
#3497 = DIRECTION('',(0.,0.,1.));
#3498 = DIRECTION('',(1.,0.,-0.));
#3499 = PCURVE('',#2129,#3500);
#3500 = DEFINITIONAL_REPRESENTATION('',(#3501),#3505);
#3501 = CIRCLE('',#3502,3.5);
#3502 = AXIS2_PLACEMENT_2D('',#3503,#3504);
#3503 = CARTESIAN_POINT('',(80.5,51.));
#3504 = DIRECTION('',(1.,0.));
#3505 = ( GEOMETRIC_REPRESENTATION_CONTEXT(2) 
PARAMETRIC_REPRESENTATION_CONTEXT() REPRESENTATION_CONTEXT('2D SPACE',''
  ) );
#3506 = PCURVE('',#3507,#3512);
#3507 = CYLINDRICAL_SURFACE('',#3508,3.5);
#3508 = AXIS2_PLACEMENT_3D('',#3509,#3510,#3511);
#3509 = CARTESIAN_POINT('',(38.,23.5,3.));
#3510 = DIRECTION('',(0.,0.,1.));
#3511 = DIRECTION('',(1.,0.,-0.));
#3512 = DEFINITIONAL_REPRESENTATION('',(#3513),#3517);
#3513 = LINE('',#3514,#3515);
#3514 = CARTESIAN_POINT('',(0.,0.));
#3515 = VECTOR('',#3516,1.);
#3516 = DIRECTION('',(1.,0.));
#3517 = ( GEOMETRIC_REPRESENTATION_CONTEXT(2) 
PARAMETRIC_REPRESENTATION_CONTEXT() REPRESENTATION_CONTEXT('2D SPACE',''
  ) );
#3518 = ADVANCED_FACE('',(#3519,#3525),#2617,.T.);
#3519 = FACE_BOUND('',#3520,.T.);
#3520 = EDGE_LOOP('',(#3521,#3522,#3523,#3524));
#3521 = ORIENTED_EDGE('',*,*,#2793,.F.);
#3522 = ORIENTED_EDGE('',*,*,#2602,.T.);
#3523 = ORIENTED_EDGE('',*,*,#2695,.T.);
#3524 = ORIENTED_EDGE('',*,*,#2767,.T.);
#3525 = FACE_BOUND('',#3526,.T.);
#3526 = EDGE_LOOP('',(#3527,#3528,#3529,#3530));
#3527 = ORIENTED_EDGE('',*,*,#3257,.T.);
#3528 = ORIENTED_EDGE('',*,*,#3232,.T.);
#3529 = ORIENTED_EDGE('',*,*,#3138,.F.);
#3530 = ORIENTED_EDGE('',*,*,#3185,.F.);
#3531 = ADVANCED_FACE('',(#3532,#3558),#2835,.T.);
#3532 = FACE_BOUND('',#3533,.T.);
#3533 = EDGE_LOOP('',(#3534));
#3534 = ORIENTED_EDGE('',*,*,#3535,.T.);
#3535 = EDGE_CURVE('',#3536,#3536,#3538,.T.);
#3536 = VERTEX_POINT('',#3537);
#3537 = CARTESIAN_POINT('',(-34.5,-23.5,15.));
#3538 = SURFACE_CURVE('',#3539,(#3544,#3551),.PCURVE_S1.);
#3539 = CIRCLE('',#3540,3.5);
#3540 = AXIS2_PLACEMENT_3D('',#3541,#3542,#3543);
#3541 = CARTESIAN_POINT('',(-38.,-23.5,15.));
#3542 = DIRECTION('',(0.,0.,1.));
#3543 = DIRECTION('',(1.,0.,-0.));
#3544 = PCURVE('',#2835,#3545);
#3545 = DEFINITIONAL_REPRESENTATION('',(#3546),#3550);
#3546 = CIRCLE('',#3547,3.5);
#3547 = AXIS2_PLACEMENT_2D('',#3548,#3549);
#3548 = CARTESIAN_POINT('',(0.,0.));
#3549 = DIRECTION('',(1.,0.));
#3550 = ( GEOMETRIC_REPRESENTATION_CONTEXT(2) 
PARAMETRIC_REPRESENTATION_CONTEXT() REPRESENTATION_CONTEXT('2D SPACE',''
  ) );
#3551 = PCURVE('',#3411,#3552);
#3552 = DEFINITIONAL_REPRESENTATION('',(#3553),#3557);
#3553 = LINE('',#3554,#3555);
#3554 = CARTESIAN_POINT('',(0.,12.));
#3555 = VECTOR('',#3556,1.);
#3556 = DIRECTION('',(1.,0.));
#3557 = ( GEOMETRIC_REPRESENTATION_CONTEXT(2) 
PARAMETRIC_REPRESENTATION_CONTEXT() REPRESENTATION_CONTEXT('2D SPACE',''
  ) );
#3558 = FACE_BOUND('',#3559,.T.);
#3559 = EDGE_LOOP('',(#3560));
#3560 = ORIENTED_EDGE('',*,*,#2818,.F.);
#3561 = ADVANCED_FACE('',(#3562,#3588),#2890,.T.);
#3562 = FACE_BOUND('',#3563,.T.);
#3563 = EDGE_LOOP('',(#3564));
#3564 = ORIENTED_EDGE('',*,*,#3565,.T.);
#3565 = EDGE_CURVE('',#3566,#3566,#3568,.T.);
#3566 = VERTEX_POINT('',#3567);
#3567 = CARTESIAN_POINT('',(41.5,-23.5,15.));
#3568 = SURFACE_CURVE('',#3569,(#3574,#3581),.PCURVE_S1.);
#3569 = CIRCLE('',#3570,3.5);
#3570 = AXIS2_PLACEMENT_3D('',#3571,#3572,#3573);
#3571 = CARTESIAN_POINT('',(38.,-23.5,15.));
#3572 = DIRECTION('',(0.,0.,1.));
#3573 = DIRECTION('',(1.,0.,-0.));
#3574 = PCURVE('',#2890,#3575);
#3575 = DEFINITIONAL_REPRESENTATION('',(#3576),#3580);
#3576 = CIRCLE('',#3577,3.5);
#3577 = AXIS2_PLACEMENT_2D('',#3578,#3579);
#3578 = CARTESIAN_POINT('',(0.,0.));
#3579 = DIRECTION('',(1.,0.));
#3580 = ( GEOMETRIC_REPRESENTATION_CONTEXT(2) 
PARAMETRIC_REPRESENTATION_CONTEXT() REPRESENTATION_CONTEXT('2D SPACE',''
  ) );
#3581 = PCURVE('',#3442,#3582);
#3582 = DEFINITIONAL_REPRESENTATION('',(#3583),#3587);
#3583 = LINE('',#3584,#3585);
#3584 = CARTESIAN_POINT('',(0.,12.));
#3585 = VECTOR('',#3586,1.);
#3586 = DIRECTION('',(1.,0.));
#3587 = ( GEOMETRIC_REPRESENTATION_CONTEXT(2) 
PARAMETRIC_REPRESENTATION_CONTEXT() REPRESENTATION_CONTEXT('2D SPACE',''
  ) );
#3588 = FACE_BOUND('',#3589,.T.);
#3589 = EDGE_LOOP('',(#3590));
#3590 = ORIENTED_EDGE('',*,*,#2873,.F.);
#3591 = ADVANCED_FACE('',(#3592,#3618),#3053,.T.);
#3592 = FACE_BOUND('',#3593,.T.);
#3593 = EDGE_LOOP('',(#3594));
#3594 = ORIENTED_EDGE('',*,*,#3595,.T.);
#3595 = EDGE_CURVE('',#3596,#3596,#3598,.T.);
#3596 = VERTEX_POINT('',#3597);
#3597 = CARTESIAN_POINT('',(-34.5,23.5,15.));
#3598 = SURFACE_CURVE('',#3599,(#3604,#3611),.PCURVE_S1.);
#3599 = CIRCLE('',#3600,3.5);
#3600 = AXIS2_PLACEMENT_3D('',#3601,#3602,#3603);
#3601 = CARTESIAN_POINT('',(-38.,23.5,15.));
#3602 = DIRECTION('',(0.,0.,1.));
#3603 = DIRECTION('',(1.,0.,-0.));
#3604 = PCURVE('',#3053,#3605);
#3605 = DEFINITIONAL_REPRESENTATION('',(#3606),#3610);
#3606 = CIRCLE('',#3607,3.5);
#3607 = AXIS2_PLACEMENT_2D('',#3608,#3609);
#3608 = CARTESIAN_POINT('',(0.,0.));
#3609 = DIRECTION('',(1.,0.));
#3610 = ( GEOMETRIC_REPRESENTATION_CONTEXT(2) 
PARAMETRIC_REPRESENTATION_CONTEXT() REPRESENTATION_CONTEXT('2D SPACE',''
  ) );
#3611 = PCURVE('',#3473,#3612);
#3612 = DEFINITIONAL_REPRESENTATION('',(#3613),#3617);
#3613 = LINE('',#3614,#3615);
#3614 = CARTESIAN_POINT('',(0.,12.));
#3615 = VECTOR('',#3616,1.);
#3616 = DIRECTION('',(1.,0.));
#3617 = ( GEOMETRIC_REPRESENTATION_CONTEXT(2) 
PARAMETRIC_REPRESENTATION_CONTEXT() REPRESENTATION_CONTEXT('2D SPACE',''
  ) );
#3618 = FACE_BOUND('',#3619,.T.);
#3619 = EDGE_LOOP('',(#3620));
#3620 = ORIENTED_EDGE('',*,*,#3036,.F.);
#3621 = ADVANCED_FACE('',(#3622,#3648),#3346,.T.);
#3622 = FACE_BOUND('',#3623,.T.);
#3623 = EDGE_LOOP('',(#3624));
#3624 = ORIENTED_EDGE('',*,*,#3625,.T.);
#3625 = EDGE_CURVE('',#3626,#3626,#3628,.T.);
#3626 = VERTEX_POINT('',#3627);
#3627 = CARTESIAN_POINT('',(41.5,23.5,15.));
#3628 = SURFACE_CURVE('',#3629,(#3634,#3641),.PCURVE_S1.);
#3629 = CIRCLE('',#3630,3.5);
#3630 = AXIS2_PLACEMENT_3D('',#3631,#3632,#3633);
#3631 = CARTESIAN_POINT('',(38.,23.5,15.));
#3632 = DIRECTION('',(0.,0.,1.));
#3633 = DIRECTION('',(1.,0.,-0.));
#3634 = PCURVE('',#3346,#3635);
#3635 = DEFINITIONAL_REPRESENTATION('',(#3636),#3640);
#3636 = CIRCLE('',#3637,3.5);
#3637 = AXIS2_PLACEMENT_2D('',#3638,#3639);
#3638 = CARTESIAN_POINT('',(0.,0.));
#3639 = DIRECTION('',(1.,0.));
#3640 = ( GEOMETRIC_REPRESENTATION_CONTEXT(2) 
PARAMETRIC_REPRESENTATION_CONTEXT() REPRESENTATION_CONTEXT('2D SPACE',''
  ) );
#3641 = PCURVE('',#3507,#3642);
#3642 = DEFINITIONAL_REPRESENTATION('',(#3643),#3647);
#3643 = LINE('',#3644,#3645);
#3644 = CARTESIAN_POINT('',(0.,12.));
#3645 = VECTOR('',#3646,1.);
#3646 = DIRECTION('',(1.,0.));
#3647 = ( GEOMETRIC_REPRESENTATION_CONTEXT(2) 
PARAMETRIC_REPRESENTATION_CONTEXT() REPRESENTATION_CONTEXT('2D SPACE',''
  ) );
#3648 = FACE_BOUND('',#3649,.T.);
#3649 = EDGE_LOOP('',(#3650));
#3650 = ORIENTED_EDGE('',*,*,#3329,.F.);
#3651 = ADVANCED_FACE('',(#3652),#3411,.T.);
#3652 = FACE_BOUND('',#3653,.T.);
#3653 = EDGE_LOOP('',(#3654,#3655,#3676,#3677));
#3654 = ORIENTED_EDGE('',*,*,#3535,.F.);
#3655 = ORIENTED_EDGE('',*,*,#3656,.F.);
#3656 = EDGE_CURVE('',#3395,#3536,#3657,.T.);
#3657 = SEAM_CURVE('',#3658,(#3662,#3669),.PCURVE_S1.);
#3658 = LINE('',#3659,#3660);
#3659 = CARTESIAN_POINT('',(-34.5,-23.5,3.));
#3660 = VECTOR('',#3661,1.);
#3661 = DIRECTION('',(0.,0.,1.));
#3662 = PCURVE('',#3411,#3663);
#3663 = DEFINITIONAL_REPRESENTATION('',(#3664),#3668);
#3664 = LINE('',#3665,#3666);
#3665 = CARTESIAN_POINT('',(6.28318530718,-0.));
#3666 = VECTOR('',#3667,1.);
#3667 = DIRECTION('',(0.,1.));
#3668 = ( GEOMETRIC_REPRESENTATION_CONTEXT(2) 
PARAMETRIC_REPRESENTATION_CONTEXT() REPRESENTATION_CONTEXT('2D SPACE',''
  ) );
#3669 = PCURVE('',#3411,#3670);
#3670 = DEFINITIONAL_REPRESENTATION('',(#3671),#3675);
#3671 = LINE('',#3672,#3673);
#3672 = CARTESIAN_POINT('',(0.,-0.));
#3673 = VECTOR('',#3674,1.);
#3674 = DIRECTION('',(0.,1.));
#3675 = ( GEOMETRIC_REPRESENTATION_CONTEXT(2) 
PARAMETRIC_REPRESENTATION_CONTEXT() REPRESENTATION_CONTEXT('2D SPACE',''
  ) );
#3676 = ORIENTED_EDGE('',*,*,#3394,.T.);
#3677 = ORIENTED_EDGE('',*,*,#3656,.T.);
#3678 = ADVANCED_FACE('',(#3679),#3442,.T.);
#3679 = FACE_BOUND('',#3680,.T.);
#3680 = EDGE_LOOP('',(#3681,#3682,#3703,#3704));
#3681 = ORIENTED_EDGE('',*,*,#3565,.F.);
#3682 = ORIENTED_EDGE('',*,*,#3683,.F.);
#3683 = EDGE_CURVE('',#3426,#3566,#3684,.T.);
#3684 = SEAM_CURVE('',#3685,(#3689,#3696),.PCURVE_S1.);
#3685 = LINE('',#3686,#3687);
#3686 = CARTESIAN_POINT('',(41.5,-23.5,3.));
#3687 = VECTOR('',#3688,1.);
#3688 = DIRECTION('',(0.,0.,1.));
#3689 = PCURVE('',#3442,#3690);
#3690 = DEFINITIONAL_REPRESENTATION('',(#3691),#3695);
#3691 = LINE('',#3692,#3693);
#3692 = CARTESIAN_POINT('',(6.28318530718,-0.));
#3693 = VECTOR('',#3694,1.);
#3694 = DIRECTION('',(0.,1.));
#3695 = ( GEOMETRIC_REPRESENTATION_CONTEXT(2) 
PARAMETRIC_REPRESENTATION_CONTEXT() REPRESENTATION_CONTEXT('2D SPACE',''
  ) );
#3696 = PCURVE('',#3442,#3697);
#3697 = DEFINITIONAL_REPRESENTATION('',(#3698),#3702);
#3698 = LINE('',#3699,#3700);
#3699 = CARTESIAN_POINT('',(0.,-0.));
#3700 = VECTOR('',#3701,1.);
#3701 = DIRECTION('',(0.,1.));
#3702 = ( GEOMETRIC_REPRESENTATION_CONTEXT(2) 
PARAMETRIC_REPRESENTATION_CONTEXT() REPRESENTATION_CONTEXT('2D SPACE',''
  ) );
#3703 = ORIENTED_EDGE('',*,*,#3425,.T.);
#3704 = ORIENTED_EDGE('',*,*,#3683,.T.);
#3705 = ADVANCED_FACE('',(#3706),#3473,.T.);
#3706 = FACE_BOUND('',#3707,.T.);
#3707 = EDGE_LOOP('',(#3708,#3709,#3730,#3731));
#3708 = ORIENTED_EDGE('',*,*,#3595,.F.);
#3709 = ORIENTED_EDGE('',*,*,#3710,.F.);
#3710 = EDGE_CURVE('',#3457,#3596,#3711,.T.);
#3711 = SEAM_CURVE('',#3712,(#3716,#3723),.PCURVE_S1.);
#3712 = LINE('',#3713,#3714);
#3713 = CARTESIAN_POINT('',(-34.5,23.5,3.));
#3714 = VECTOR('',#3715,1.);
#3715 = DIRECTION('',(0.,0.,1.));
#3716 = PCURVE('',#3473,#3717);
#3717 = DEFINITIONAL_REPRESENTATION('',(#3718),#3722);
#3718 = LINE('',#3719,#3720);
#3719 = CARTESIAN_POINT('',(6.28318530718,-0.));
#3720 = VECTOR('',#3721,1.);
#3721 = DIRECTION('',(0.,1.));
#3722 = ( GEOMETRIC_REPRESENTATION_CONTEXT(2) 
PARAMETRIC_REPRESENTATION_CONTEXT() REPRESENTATION_CONTEXT('2D SPACE',''
  ) );
#3723 = PCURVE('',#3473,#3724);
#3724 = DEFINITIONAL_REPRESENTATION('',(#3725),#3729);
#3725 = LINE('',#3726,#3727);
#3726 = CARTESIAN_POINT('',(0.,-0.));
#3727 = VECTOR('',#3728,1.);
#3728 = DIRECTION('',(0.,1.));
#3729 = ( GEOMETRIC_REPRESENTATION_CONTEXT(2) 
PARAMETRIC_REPRESENTATION_CONTEXT() REPRESENTATION_CONTEXT('2D SPACE',''
  ) );
#3730 = ORIENTED_EDGE('',*,*,#3456,.T.);
#3731 = ORIENTED_EDGE('',*,*,#3710,.T.);
#3732 = ADVANCED_FACE('',(#3733),#3507,.T.);
#3733 = FACE_BOUND('',#3734,.T.);
#3734 = EDGE_LOOP('',(#3735,#3736,#3757,#3758));
#3735 = ORIENTED_EDGE('',*,*,#3625,.F.);
#3736 = ORIENTED_EDGE('',*,*,#3737,.F.);
#3737 = EDGE_CURVE('',#3491,#3626,#3738,.T.);
#3738 = SEAM_CURVE('',#3739,(#3743,#3750),.PCURVE_S1.);
#3739 = LINE('',#3740,#3741);
#3740 = CARTESIAN_POINT('',(41.5,23.5,3.));
#3741 = VECTOR('',#3742,1.);
#3742 = DIRECTION('',(0.,0.,1.));
#3743 = PCURVE('',#3507,#3744);
#3744 = DEFINITIONAL_REPRESENTATION('',(#3745),#3749);
#3745 = LINE('',#3746,#3747);
#3746 = CARTESIAN_POINT('',(6.28318530718,-0.));
#3747 = VECTOR('',#3748,1.);
#3748 = DIRECTION('',(0.,1.));
#3749 = ( GEOMETRIC_REPRESENTATION_CONTEXT(2) 
PARAMETRIC_REPRESENTATION_CONTEXT() REPRESENTATION_CONTEXT('2D SPACE',''
  ) );
#3750 = PCURVE('',#3507,#3751);
#3751 = DEFINITIONAL_REPRESENTATION('',(#3752),#3756);
#3752 = LINE('',#3753,#3754);
#3753 = CARTESIAN_POINT('',(0.,-0.));
#3754 = VECTOR('',#3755,1.);
#3755 = DIRECTION('',(0.,1.));
#3756 = ( GEOMETRIC_REPRESENTATION_CONTEXT(2) 
PARAMETRIC_REPRESENTATION_CONTEXT() REPRESENTATION_CONTEXT('2D SPACE',''
  ) );
#3757 = ORIENTED_EDGE('',*,*,#3490,.T.);
#3758 = ORIENTED_EDGE('',*,*,#3737,.T.);
#3759 = ( GEOMETRIC_REPRESENTATION_CONTEXT(3) 
GLOBAL_UNCERTAINTY_ASSIGNED_CONTEXT((#3763)) 
GLOBAL_UNIT_ASSIGNED_CONTEXT((#3760,#3761,#3762)) REPRESENTATION_CONTEXT
('Context #1','3D Context with UNIT and UNCERTAINTY') );
#3760 = ( LENGTH_UNIT() NAMED_UNIT(*) SI_UNIT(.MILLI.,.METRE.) );
#3761 = ( NAMED_UNIT(*) PLANE_ANGLE_UNIT() SI_UNIT($,.RADIAN.) );
#3762 = ( NAMED_UNIT(*) SI_UNIT($,.STERADIAN.) SOLID_ANGLE_UNIT() );
#3763 = UNCERTAINTY_MEASURE_WITH_UNIT(LENGTH_MEASURE(2.E-07),#3760,
  'distance_accuracy_value','confusion accuracy');
#3764 = PRODUCT_RELATED_PRODUCT_CATEGORY('part',$,(#7));
ENDSEC;
END-ISO-10303-21;
